public_operation,aliases,ue_spawn_path,ue_operation_name,owner_class,function_name,node_class,metadata,required_evidence,ambiguity_rule,included_in_graphwrite_op,exclude_reason,source_path,_row_count
add,"+, add, plus",type_promotion,Add,UKismetMathLibrary; UTimeManagementBlueprintLibrary,18 items: Add_ByteByte; Add_DoubleDouble; Add_Int64Int64; Add_IntInt; Add_IntPointInt; Add_IntPointIntPoint; Add_LinearColorLinearColor; Add_MatrixMatrix; Add_QuatQuat; Add_TimespanTimespan; Add_Vector2DFloat; Add_Vector2DVector2D; ...,UK2Node_PromotableOperator,5 items: CommutativeAssociativeBinaryOperator=true; CompactNodeTitle=+; ScriptOperator=+;+=; ScriptMethod; CompactNodeTitle=+; CommutativeAssociativeBinaryOperator=true; ScriptOperator=+;+=; ScriptMethod; CompactNodeTitle=+; CompactNodeTitle=+; ...,TypePromotion operation 名称 + typed pins；必要时提供目标 pin category/subcategory/object 以触发 FindBestMatchingFunc；不能只凭 token 静默选 overload。,同一 public_operation 存在大量 overload；必须由 typed pins 或已解析 function evidence 决定。,yes,,18 items: Source/Runtime/Engine/Classes/Kismet/KismetMathLibrary.h:270; Source/Runtime/Engine/Classes/Kismet/KismetMathLibrary.h:552; Source/Runtime/Engine/Classes/Kismet/KismetMathLibrary.h:429; Source/Runtime/Engine/Classes/Kismet/KismetMathLibrary.h:326; Source/Runtime/Engine/Classes/Kismet/KismetMathLibrary.h:932; ...,18
multiply,"*, multiply, times",type_promotion,Multiply,UKismetMathLibrary; UTimeManagementBlueprintLibrary,23 items: Multiply_ByteByte; Multiply_DoubleDouble; Multiply_Int64Int64; Multiply_IntFloat; Multiply_IntInt; Multiply_IntPointInt; Multiply_IntPointIntPoint; Multiply_LinearColorFloat; Multiply_LinearColorLinearColor; Multiply_MatrixFloat; Multiply_MatrixMatrix; Multiply_QuatQuat; ...,UK2Node_PromotableOperator,5 items: CommutativeAssociativeBinaryOperator=true; CompactNodeTitle=*; CompactNodeTitle=*; ScriptOperator=*;*=; ScriptMethod; CompactNodeTitle=*; ScriptMethod; CompactNodeTitle=*; ...,TypePromotion operation 名称 + typed pins；必要时提供目标 pin category/subcategory/object 以触发 FindBestMatchingFunc；不能只凭 token 静默选 overload。,同一 public_operation 存在大量 overload；必须由 typed pins 或已解析 function evidence 决定。,yes,,23 items: Source/Runtime/Engine/Classes/Kismet/KismetMathLibrary.h:258; Source/Runtime/Engine/Classes/Kismet/KismetMathLibrary.h:560; Source/Runtime/Engine/Classes/Kismet/KismetMathLibrary.h:417; Source/Runtime/Engine/Classes/Kismet/KismetMathLibrary.h:520; Source/Runtime/Engine/Classes/Kismet/KismetMathLibrary.h:314; ...,23
subtract,"-, subtract, minus",type_promotion,Subtract,UKismetMathLibrary; UTimeManagementBlueprintLibrary,17 items: Subtract_ByteByte; Subtract_DoubleDouble; Subtract_Int64Int64; Subtract_IntInt; Subtract_IntPointInt; Subtract_IntPointIntPoint; Subtract_LinearColorLinearColor; Subtract_QuatQuat; Subtract_TimespanTimespan; Subtract_Vector2DFloat; Subtract_Vector2DVector2D; Subtract_Vector4Vector4; ...,UK2Node_PromotableOperator,CompactNodeTitle=-; ScriptOperator=-;-=; ScriptMethod; CompactNodeTitle=-; ScriptMethod; CompactNodeTitle=-,TypePromotion operation 名称 + typed pins；必要时提供目标 pin category/subcategory/object 以触发 FindBestMatchingFunc；不能只凭 token 静默选 overload。,同一 public_operation 存在大量 overload；必须由 typed pins 或已解析 function evidence 决定。,yes,,17 items: Source/Runtime/Engine/Classes/Kismet/KismetMathLibrary.h:274; Source/Runtime/Engine/Classes/Kismet/KismetMathLibrary.h:556; Source/Runtime/Engine/Classes/Kismet/KismetMathLibrary.h:433; Source/Runtime/Engine/Classes/Kismet/KismetMathLibrary.h:330; Source/Runtime/Engine/Classes/Kismet/KismetMathLibrary.h:940; ...,17
divide,"/, divide",type_promotion,Divide,UKismetMathLibrary; UTimeManagementBlueprintLibrary,15 items: Divide_ByteByte; Divide_DoubleDouble; Divide_Int64Int64; Divide_IntInt; Divide_IntPointInt; Divide_IntPointIntPoint; Divide_LinearColorLinearColor; Divide_TimespanFloat; Divide_Vector2DFloat; Divide_Vector2DVector2D; Divide_Vector4Vector4; Divide_VectorFloat; ...,UK2Node_PromotableOperator,CompactNodeTitle=/; ScriptOperator=/;/=; ScriptMethod; CompactNodeTitle=/; ScriptMethod; CompactNodeTitle=/,TypePromotion operation 名称 + typed pins；必要时提供目标 pin category/subcategory/object 以触发 FindBestMatchingFunc；不能只凭 token 静默选 overload。,同一 public_operation 存在大量 overload；必须由 typed pins 或已解析 function evidence 决定。,yes,,15 items: Source/Runtime/Engine/Classes/Kismet/KismetMathLibrary.h:262; Source/Runtime/Engine/Classes/Kismet/KismetMathLibrary.h:564; Source/Runtime/Engine/Classes/Kismet/KismetMathLibrary.h:421; Source/Runtime/Engine/Classes/Kismet/KismetMathLibrary.h:318; Source/Runtime/Engine/Classes/Kismet/KismetMathLibrary.h:956; ...,15
greater,">, greater, gt",type_promotion,Greater,UKismetMathLibrary,Greater_ByteByte; Greater_DoubleDouble; Greater_Int64Int64; Greater_IntInt; Greater_TimespanTimespan,UK2Node_PromotableOperator,CompactNodeTitle=>,TypePromotion operation 名称 + typed pins；必要时提供目标 pin category/subcategory/object 以触发 FindBestMatchingFunc；不能只凭 token 静默选 overload。,同一 public_operation 存在大量 overload；必须由 typed pins 或已解析 function evidence 决定。,yes,,Source/Runtime/Engine/Classes/Kismet/KismetMathLibrary.h:290; Source/Runtime/Engine/Classes/Kismet/KismetMathLibrary.h:572; Source/Runtime/Engine/Classes/Kismet/KismetMathLibrary.h:441; Source/Runtime/Engine/Classes/Kismet/KismetMathLibrary.h:338; Source/Runtime/Engine/Classes/Kismet/KismetMathLibrary.h:3469,5
greater_equal,">=, greater_equal, ge",type_promotion,GreaterEqual,UKismetMathLibrary,GreaterEqual_ByteByte; GreaterEqual_DoubleDouble; GreaterEqual_Int64Int64; GreaterEqual_IntInt; GreaterEqual_TimespanTimespan,UK2Node_PromotableOperator,CompactNodeTitle=>=,TypePromotion operation 名称 + typed pins；必要时提供目标 pin category/subcategory/object 以触发 FindBestMatchingFunc；不能只凭 token 静默选 overload。,同一 public_operation 存在大量 overload；必须由 typed pins 或已解析 function evidence 决定。,yes,,Source/Runtime/Engine/Classes/Kismet/KismetMathLibrary.h:298; Source/Runtime/Engine/Classes/Kismet/KismetMathLibrary.h:580; Source/Runtime/Engine/Classes/Kismet/KismetMathLibrary.h:449; Source/Runtime/Engine/Classes/Kismet/KismetMathLibrary.h:346; Source/Runtime/Engine/Classes/Kismet/KismetMathLibrary.h:3473,5
less,"<, less, lt",type_promotion,Less,UKismetMathLibrary,Less_ByteByte; Less_DoubleDouble; Less_Int64Int64; Less_IntInt; Less_TimespanTimespan,UK2Node_PromotableOperator,CompactNodeTitle=<,TypePromotion operation 名称 + typed pins；必要时提供目标 pin category/subcategory/object 以触发 FindBestMatchingFunc；不能只凭 token 静默选 overload。,同一 public_operation 存在大量 overload；必须由 typed pins 或已解析 function evidence 决定。,yes,,Source/Runtime/Engine/Classes/Kismet/KismetMathLibrary.h:286; Source/Runtime/Engine/Classes/Kismet/KismetMathLibrary.h:568; Source/Runtime/Engine/Classes/Kismet/KismetMathLibrary.h:437; Source/Runtime/Engine/Classes/Kismet/KismetMathLibrary.h:334; Source/Runtime/Engine/Classes/Kismet/KismetMathLibrary.h:3477,5
less_equal,"<=, less_equal, le",type_promotion,LessEqual,UKismetMathLibrary,LessEqual_ByteByte; LessEqual_DoubleDouble; LessEqual_Int64Int64; LessEqual_IntInt; LessEqual_TimespanTimespan,UK2Node_PromotableOperator,CompactNodeTitle=<=,TypePromotion operation 名称 + typed pins；必要时提供目标 pin category/subcategory/object 以触发 FindBestMatchingFunc；不能只凭 token 静默选 overload。,同一 public_operation 存在大量 overload；必须由 typed pins 或已解析 function evidence 决定。,yes,,Source/Runtime/Engine/Classes/Kismet/KismetMathLibrary.h:294; Source/Runtime/Engine/Classes/Kismet/KismetMathLibrary.h:576; Source/Runtime/Engine/Classes/Kismet/KismetMathLibrary.h:445; Source/Runtime/Engine/Classes/Kismet/KismetMathLibrary.h:342; Source/Runtime/Engine/Classes/Kismet/KismetMathLibrary.h:3481,5
not_equal,"!=, not_equal, neq",type_promotion,NotEqual,UBlueprintGameplayTagLibrary; UBlueprintInstancedStructLibrary; UInputDeviceLibrary; UKismetGuidLibrary; UKismetMathLibrary; UKismetSystemLibrary,27 items: NotEqual_GameplayTag; NotEqual_GameplayTagContainer; NotEqual_InstancedStruct; NotEqual_InputDeviceId; NotEqual_PlatformUserId; NotEqual_GuidGuid; NotEqual_BoolBool; NotEqual_ByteByte; NotEqual_ClassClass; NotEqual_DoubleDouble; NotEqual_Int64Int64; NotEqual_IntInt; ...,UK2Node_PromotableOperator,CompactNodeTitle=!=; ScriptOperator=!=; ScriptMethod; CompactNodeTitle=!=; ScriptMethod; CompactNodeTitle=!=; ScriptOperator=!=; CompactNodeTitle=!=,TypePromotion operation 名称 + typed pins；必要时提供目标 pin category/subcategory/object 以触发 FindBestMatchingFunc；不能只凭 token 静默选 overload。,同一 public_operation 存在大量 overload；必须由 typed pins 或已解析 function evidence 决定。,yes,,27 items: Source/Runtime/GameplayTags/Classes/BlueprintGameplayTagLibrary.h:48; Source/Runtime/GameplayTags/Classes/BlueprintGameplayTagLibrary.h:183; Source/Runtime/Engine/Classes/Kismet/BlueprintInstancedStructLibrary.h:70; Source/Runtime/Engine/Classes/GameFramework/InputDeviceLibrary.h:160; Source/Runtime/Engine/Classes/GameFramework/InputDeviceLibrary.h:152; ...,27
equal,"==, equal, eq",type_promotion,EqualEqual,UBlueprintGameplayTagLibrary; UBlueprintInstancedStructLibrary; UInputDeviceLibrary; UKismetGuidLibrary; UKismetInputLibrary; UKismetMathLibrary; UKismetSystemLibrary; USlateBlueprintLibrary,30 items: EqualEqual_GameplayTag; EqualEqual_GameplayTagContainer; EqualEqual_InstancedStruct; EqualEqual_InputDeviceId; EqualEqual_PlatformUserId; EqualEqual_GuidGuid; EqualEqual_InputChordInputChord; EqualEqual_KeyKey; EqualEqual_BoolBool; EqualEqual_ByteByte; EqualEqual_ClassClass; EqualEqual_DoubleDouble; ...,UK2Node_PromotableOperator,CompactNodeTitle===; ScriptOperator===; ScriptMethod; CompactNodeTitle===; ScriptMethod; CompactNodeTitle===; ScriptOperator===; CompactNodeTitle===,TypePromotion operation 名称 + typed pins；必要时提供目标 pin category/subcategory/object 以触发 FindBestMatchingFunc；不能只凭 token 静默选 overload。,同一 public_operation 存在大量 overload；必须由 typed pins 或已解析 function evidence 决定。,yes,,30 items: Source/Runtime/GameplayTags/Classes/BlueprintGameplayTagLibrary.h:44; Source/Runtime/GameplayTags/Classes/BlueprintGameplayTagLibrary.h:179; Source/Runtime/Engine/Classes/Kismet/BlueprintInstancedStructLibrary.h:64; Source/Runtime/Engine/Classes/GameFramework/InputDeviceLibrary.h:156; Source/Runtime/Engine/Classes/GameFramework/InputDeviceLibrary.h:148; ...,30
bitwise_and,"&, bitwise_and, and",commutative_function,,UKismetMathLibrary,And_Int64Int64; And_IntInt,UK2Node_CommutativeAssociativeBinaryOperator,CommutativeAssociativeBinaryOperator=true; CompactNodeTitle=&,stable function id（owner_class + function_name）+ graph capability + 输入 pin 类型；可变输入 pin 使用 UK2Node_CommutativeAssociativeBinaryOperator。,同名 token 需按 owner_class、function_name 和 pin 类型区分；可扩展输入 pin 只用于 commutative 节点。,yes,,Source/Runtime/Engine/Classes/Kismet/KismetMathLibrary.h:468; Source/Runtime/Engine/Classes/Kismet/KismetMathLibrary.h:365,2
bitwise_or,"|, bitwise_or, or",commutative_function,,UKismetMathLibrary,Or_Int64Int64; Or_IntInt,UK2Node_CommutativeAssociativeBinaryOperator,CommutativeAssociativeBinaryOperator=true; CompactNodeTitle=|,stable function id（owner_class + function_name）+ graph capability + 输入 pin 类型；可变输入 pin 使用 UK2Node_CommutativeAssociativeBinaryOperator。,同名 token 需按 owner_class、function_name 和 pin 类型区分；可扩展输入 pin 只用于 commutative 节点。,yes,,Source/Runtime/Engine/Classes/Kismet/KismetMathLibrary.h:476; Source/Runtime/Engine/Classes/Kismet/KismetMathLibrary.h:373,2
boolean_and,"AND, &&, and",commutative_function,,UKismetMathLibrary,BooleanAND,UK2Node_CommutativeAssociativeBinaryOperator,CommutativeAssociativeBinaryOperator=true; CompactNodeTitle=AND,stable function id（owner_class + function_name）+ graph capability + 输入 pin 类型；可变输入 pin 使用 UK2Node_CommutativeAssociativeBinaryOperator。,同名 token 需按 owner_class、function_name 和 pin 类型区分；可扩展输入 pin 只用于 commutative 节点。,yes,,Source/Runtime/Engine/Classes/Kismet/KismetMathLibrary.h:234,1
boolean_nand,"NAND, nand",commutative_function,,UKismetMathLibrary,BooleanNAND,UK2Node_CommutativeAssociativeBinaryOperator,CommutativeAssociativeBinaryOperator=true; CompactNodeTitle=NAND,stable function id（owner_class + function_name）+ graph capability + 输入 pin 类型；可变输入 pin 使用 UK2Node_CommutativeAssociativeBinaryOperator。,同名 token 需按 owner_class、function_name 和 pin 类型区分；可扩展输入 pin 只用于 commutative 节点。,yes,,Source/Runtime/Engine/Classes/Kismet/KismetMathLibrary.h:238,1
boolean_or,"OR, ||, or",commutative_function,,UKismetMathLibrary,BooleanOR,UK2Node_CommutativeAssociativeBinaryOperator,CommutativeAssociativeBinaryOperator=true; CompactNodeTitle=OR,stable function id（owner_class + function_name）+ graph capability + 输入 pin 类型；可变输入 pin 使用 UK2Node_CommutativeAssociativeBinaryOperator。,同名 token 需按 owner_class、function_name 和 pin 类型区分；可扩展输入 pin 只用于 commutative 节点。,yes,,Source/Runtime/Engine/Classes/Kismet/KismetMathLibrary.h:242,1
max,"MAX, max",commutative_function,,UKismetMathLibrary,BMax; FMax; Max; MaxInt64,UK2Node_CommutativeAssociativeBinaryOperator,CommutativeAssociativeBinaryOperator=true; CompactNodeTitle=MAX,stable function id（owner_class + function_name）+ graph capability + 输入 pin 类型；可变输入 pin 使用 UK2Node_CommutativeAssociativeBinaryOperator。,同名 token 需按 owner_class、function_name 和 pin 类型区分；可扩展输入 pin 只用于 commutative 节点。,yes,,Source/Runtime/Engine/Classes/Kismet/KismetMathLibrary.h:282; Source/Runtime/Engine/Classes/Kismet/KismetMathLibrary.h:733; Source/Runtime/Engine/Classes/Kismet/KismetMathLibrary.h:397; Source/Runtime/Engine/Classes/Kismet/KismetMathLibrary.h:500,4
min,"MIN, min",commutative_function,,UKismetMathLibrary,BMin; FMin; Min; MinInt64,UK2Node_CommutativeAssociativeBinaryOperator,CommutativeAssociativeBinaryOperator=true; CompactNodeTitle=MIN,stable function id（owner_class + function_name）+ graph capability + 输入 pin 类型；可变输入 pin 使用 UK2Node_CommutativeAssociativeBinaryOperator。,同名 token 需按 owner_class、function_name 和 pin 类型区分；可扩展输入 pin 只用于 commutative 节点。,yes,,Source/Runtime/Engine/Classes/Kismet/KismetMathLibrary.h:278; Source/Runtime/Engine/Classes/Kismet/KismetMathLibrary.h:729; Source/Runtime/Engine/Classes/Kismet/KismetMathLibrary.h:393; Source/Runtime/Engine/Classes/Kismet/KismetMathLibrary.h:496,4
string_append,"append, concat, +",commutative_function,,UKismetStringLibrary,Concat_StrStr,UK2Node_CommutativeAssociativeBinaryOperator,CommutativeAssociativeBinaryOperator=true,stable function id（owner_class + function_name）+ graph capability + 输入 pin 类型；可变输入 pin 使用 UK2Node_CommutativeAssociativeBinaryOperator。,同名 token 需按 owner_class、function_name 和 pin 类型区分；可扩展输入 pin 只用于 commutative 节点。,yes,,Source/Runtime/Engine/Classes/Kismet/KismetStringLibrary.h:286,1
abs,"ABS, abs",call_function_compact,,UKismetMathLibrary,Abs; Abs_Int; Abs_Int64,UK2Node_CallFunction,CompactNodeTitle=ABS,stable function id（owner_class + function_name）+ callable evidence + graph capability；CompactNodeTitle/ScriptOperator 只作为显示/别名证据。,CompactNodeTitle 只是 UI token；多候选时要求 stable function id 或完整 pin 类型。,yes,,Source/Runtime/Engine/Classes/Kismet/KismetMathLibrary.h:615; Source/Runtime/Engine/Classes/Kismet/KismetMathLibrary.h:409; Source/Runtime/Engine/Classes/Kismet/KismetMathLibrary.h:508,3
bitwise_not,"~, bitwise_not, not",call_function_compact,,UKismetMathLibrary,Not_Int; Not_Int64,UK2Node_CallFunction,CompactNodeTitle=~,stable function id（owner_class + function_name）+ callable evidence + graph capability；CompactNodeTitle/ScriptOperator 只作为显示/别名证据。,CompactNodeTitle 只是 UI token；多候选时要求 stable function id 或完整 pin 类型。,yes,,Source/Runtime/Engine/Classes/Kismet/KismetMathLibrary.h:377; Source/Runtime/Engine/Classes/Kismet/KismetMathLibrary.h:480,2
bitwise_xor,"^, bitwise_xor, xor",call_function_compact,,UKismetMathLibrary,Xor_Int64Int64; Xor_IntInt,UK2Node_CallFunction,CompactNodeTitle=^,stable function id（owner_class + function_name）+ callable evidence + graph capability；CompactNodeTitle/ScriptOperator 只作为显示/别名证据。,CompactNodeTitle 只是 UI token；多候选时要求 stable function id 或完整 pin 类型。,yes,,Source/Runtime/Engine/Classes/Kismet/KismetMathLibrary.h:472; Source/Runtime/Engine/Classes/Kismet/KismetMathLibrary.h:369,2
boolean_nor,"NOR, nor",call_function_compact,,UKismetMathLibrary,BooleanNOR,UK2Node_CallFunction,CompactNodeTitle=NOR,stable function id（owner_class + function_name）+ callable evidence + graph capability；CompactNodeTitle/ScriptOperator 只作为显示/别名证据。,CompactNodeTitle 只是 UI token；多候选时要求 stable function id 或完整 pin 类型。,yes,,Source/Runtime/Engine/Classes/Kismet/KismetMathLibrary.h:250,1
boolean_not,"NOT, !, not",call_function_compact,,UKismetMathLibrary,Not_PreBool,UK2Node_CallFunction,CompactNodeTitle=NOT,stable function id（owner_class + function_name）+ callable evidence + graph capability；CompactNodeTitle/ScriptOperator 只作为显示/别名证据。,CompactNodeTitle 只是 UI token；多候选时要求 stable function id 或完整 pin 类型。,yes,,Source/Runtime/Engine/Classes/Kismet/KismetMathLibrary.h:222,1
boolean_xor,"XOR, xor",call_function_compact,,UKismetMathLibrary,BooleanXOR,UK2Node_CallFunction,CompactNodeTitle=XOR,stable function id（owner_class + function_name）+ callable evidence + graph capability；CompactNodeTitle/ScriptOperator 只作为显示/别名证据。,CompactNodeTitle 只是 UI token；多候选时要求 stable function id 或完整 pin 类型。,yes,,Source/Runtime/Engine/Classes/Kismet/KismetMathLibrary.h:246,1
cross,"cross, ^, cross_product",call_function_compact,,UKismetMathLibrary,CrossProduct2D; Cross_VectorVector,UK2Node_CallFunction,ScriptOperator=^; ScriptMethod; CompactNodeTitle=cross,stable function id（owner_class + function_name）+ callable evidence + graph capability；CompactNodeTitle/ScriptOperator 只作为显示/别名证据。,CompactNodeTitle 只是 UI token；多候选时要求 stable function id 或完整 pin 类型。,yes,,Source/Runtime/Engine/Classes/Kismet/KismetMathLibrary.h:1073; Source/Runtime/Engine/Classes/Kismet/KismetMathLibrary.h:1449,2
cross3,"cross3, cross_product_xyz",call_function_compact,,UKismetMathLibrary,Vector4_CrossProduct3,UK2Node_CallFunction,ScriptMethod; CompactNodeTitle=cross3,stable function id（owner_class + function_name）+ callable evidence + graph capability；CompactNodeTitle/ScriptOperator 只作为显示/别名证据。,CompactNodeTitle 只是 UI token；多候选时要求 stable function id 或完整 pin 类型。,yes,,Source/Runtime/Engine/Classes/Kismet/KismetMathLibrary.h:2141,1
datetime_add_datetime,"+, add",call_function_compact,,UKismetMathLibrary,Add_DateTimeDateTime,UK2Node_CallFunction,IgnoreTypePromotion; CompactNodeTitle=+,stable function id（owner_class + function_name）+ callable evidence + graph capability；CompactNodeTitle/ScriptOperator 只作为显示/别名证据。,CompactNodeTitle 只是 UI token；多候选时要求 stable function id 或完整 pin 类型。,yes,,Source/Runtime/Engine/Classes/Kismet/KismetMathLibrary.h:3257,1
datetime_add_timespan,"+, add",call_function_compact,,UKismetMathLibrary,Add_DateTimeTimespan,UK2Node_CallFunction,IgnoreTypePromotion; CompactNodeTitle=+,stable function id（owner_class + function_name）+ callable evidence + graph capability；CompactNodeTitle/ScriptOperator 只作为显示/别名证据。,CompactNodeTitle 只是 UI token；多候选时要求 stable function id 或完整 pin 类型。,yes,,Source/Runtime/Engine/Classes/Kismet/KismetMathLibrary.h:3249,1
datetime_equal,"==, equal",call_function_compact,,UKismetMathLibrary,EqualEqual_DateTimeDateTime,UK2Node_CallFunction,IgnoreTypePromotion; CompactNodeTitle===,stable function id（owner_class + function_name）+ callable evidence + graph capability；CompactNodeTitle/ScriptOperator 只作为显示/别名证据。,CompactNodeTitle 只是 UI token；多候选时要求 stable function id 或完整 pin 类型。,yes,,Source/Runtime/Engine/Classes/Kismet/KismetMathLibrary.h:3265,1
datetime_greater,">, greater",call_function_compact,,UKismetMathLibrary,Greater_DateTimeDateTime,UK2Node_CallFunction,IgnoreTypePromotion; CompactNodeTitle=>,stable function id（owner_class + function_name）+ callable evidence + graph capability；CompactNodeTitle/ScriptOperator 只作为显示/别名证据。,CompactNodeTitle 只是 UI token；多候选时要求 stable function id 或完整 pin 类型。,yes,,Source/Runtime/Engine/Classes/Kismet/KismetMathLibrary.h:3273,1
datetime_greater_equal,">=, greater_equal",call_function_compact,,UKismetMathLibrary,GreaterEqual_DateTimeDateTime,UK2Node_CallFunction,IgnoreTypePromotion; CompactNodeTitle=>=,stable function id（owner_class + function_name）+ callable evidence + graph capability；CompactNodeTitle/ScriptOperator 只作为显示/别名证据。,CompactNodeTitle 只是 UI token；多候选时要求 stable function id 或完整 pin 类型。,yes,,Source/Runtime/Engine/Classes/Kismet/KismetMathLibrary.h:3277,1
datetime_less,"<, less",call_function_compact,,UKismetMathLibrary,Less_DateTimeDateTime,UK2Node_CallFunction,IgnoreTypePromotion; CompactNodeTitle=<,stable function id（owner_class + function_name）+ callable evidence + graph capability；CompactNodeTitle/ScriptOperator 只作为显示/别名证据。,CompactNodeTitle 只是 UI token；多候选时要求 stable function id 或完整 pin 类型。,yes,,Source/Runtime/Engine/Classes/Kismet/KismetMathLibrary.h:3281,1
datetime_less_equal,"<=, less_equal",call_function_compact,,UKismetMathLibrary,LessEqual_DateTimeDateTime,UK2Node_CallFunction,IgnoreTypePromotion; CompactNodeTitle=<=,stable function id（owner_class + function_name）+ callable evidence + graph capability；CompactNodeTitle/ScriptOperator 只作为显示/别名证据。,CompactNodeTitle 只是 UI token；多候选时要求 stable function id 或完整 pin 类型。,yes,,Source/Runtime/Engine/Classes/Kismet/KismetMathLibrary.h:3285,1
datetime_not_equal,"!=, not_equal",call_function_compact,,UKismetMathLibrary,NotEqual_DateTimeDateTime,UK2Node_CallFunction,IgnoreTypePromotion; CompactNodeTitle=!=,stable function id（owner_class + function_name）+ callable evidence + graph capability；CompactNodeTitle/ScriptOperator 只作为显示/别名证据。,CompactNodeTitle 只是 UI token；多候选时要求 stable function id 或完整 pin 类型。,yes,,Source/Runtime/Engine/Classes/Kismet/KismetMathLibrary.h:3269,1
datetime_subtract_datetime,"-, subtract",call_function_compact,,UKismetMathLibrary,Subtract_DateTimeDateTime,UK2Node_CallFunction,IgnoreTypePromotion; CompactNodeTitle=-,stable function id（owner_class + function_name）+ callable evidence + graph capability；CompactNodeTitle/ScriptOperator 只作为显示/别名证据。,CompactNodeTitle 只是 UI token；多候选时要求 stable function id 或完整 pin 类型。,yes,,Source/Runtime/Engine/Classes/Kismet/KismetMathLibrary.h:3261,1
datetime_subtract_timespan,"-, subtract",call_function_compact,,UKismetMathLibrary,Subtract_DateTimeTimespan,UK2Node_CallFunction,IgnoreTypePromotion; CompactNodeTitle=-,stable function id（owner_class + function_name）+ callable evidence + graph capability；CompactNodeTitle/ScriptOperator 只作为显示/别名证据。,CompactNodeTitle 只是 UI token；多候选时要求 stable function id 或完整 pin 类型。,yes,,Source/Runtime/Engine/Classes/Kismet/KismetMathLibrary.h:3253,1
dot,"dot, |, dot_product",call_function_compact,,UKismetMathLibrary,DotProduct2D; Dot_VectorVector; Vector4_DotProduct,UK2Node_CallFunction,ScriptOperator=|; ScriptMethod; CompactNodeTitle=dot,stable function id（owner_class + function_name）+ callable evidence + graph capability；CompactNodeTitle/ScriptOperator 只作为显示/别名证据。,CompactNodeTitle 只是 UI token；多候选时要求 stable function id 或完整 pin 类型。,yes,,Source/Runtime/Engine/Classes/Kismet/KismetMathLibrary.h:1097; Source/Runtime/Engine/Classes/Kismet/KismetMathLibrary.h:1445; Source/Runtime/Engine/Classes/Kismet/KismetMathLibrary.h:2145,3
dot3,"dot3, dot_product_xyz",call_function_compact,,UKismetMathLibrary,Vector4_DotProduct3,UK2Node_CallFunction,ScriptMethod; CompactNodeTitle=dot3,stable function id（owner_class + function_name）+ callable evidence + graph capability；CompactNodeTitle/ScriptOperator 只作为显示/别名证据。,CompactNodeTitle 只是 UI token；多候选时要求 stable function id 或完整 pin 类型。,yes,,Source/Runtime/Engine/Classes/Kismet/KismetMathLibrary.h:2149,1
equal_exact,"===, equal_exact",call_function_compact,,UKismetMathLibrary; UKismetStringLibrary; UKismetTextLibrary,EqualExactly_Vector2DVector2D; EqualExactly_Vector4Vector4; EqualExactly_VectorVector; EqualEqual_StrStr; EqualEqual_TextText,UK2Node_CallFunction,ScriptOperator===; ScriptMethod; CompactNodeTitle====; CompactNodeTitle====,stable function id（owner_class + function_name）+ callable evidence + graph capability；CompactNodeTitle/ScriptOperator 只作为显示/别名证据。,CompactNodeTitle 只是 UI token；多候选时要求 stable function id 或完整 pin 类型。,yes,,Source/Runtime/Engine/Classes/Kismet/KismetMathLibrary.h:1037; Source/Runtime/Engine/Classes/Kismet/KismetMathLibrary.h:2102; Source/Runtime/Engine/Classes/Kismet/KismetMathLibrary.h:1429; Source/Runtime/Engine/Classes/Kismet/KismetStringLibrary.h:295; Source/Runtime/Engine/Classes/Kismet/KismetTextLibrary.h:214,5
equal_ignore_case,"==, equal_ignore_case",call_function_compact,,UKismetStringLibrary; UKismetTextLibrary,EqualEqual_StriStri; EqualEqual_IgnoreCase_TextText,UK2Node_CallFunction,CompactNodeTitle===,stable function id（owner_class + function_name）+ callable evidence + graph capability；CompactNodeTitle/ScriptOperator 只作为显示/别名证据。,CompactNodeTitle 只是 UI token；多候选时要求 stable function id 或完整 pin 类型。,yes,,Source/Runtime/Engine/Classes/Kismet/KismetStringLibrary.h:304; Source/Runtime/Engine/Classes/Kismet/KismetTextLibrary.h:218,2
intpoint_equal,"==, equal, intpoint_equal",call_function_compact,,UKismetMathLibrary,Equal_IntPointIntPoint,UK2Node_CallFunction,ScriptOperator===; ScriptMethod; CompactNodeTitle===,stable function id（owner_class + function_name）+ callable evidence + graph capability；CompactNodeTitle/ScriptOperator 只作为显示/别名证据。,CompactNodeTitle 只是 UI token；多候选时要求 stable function id 或完整 pin 类型。,yes,,Source/Runtime/Engine/Classes/Kismet/KismetMathLibrary.h:960,1
modulo,"%, modulo, mod",call_function_compact,,UKismetMathLibrary,Percent_ByteByte; Percent_FloatFloat; Percent_Int64Int64; Percent_IntInt,UK2Node_CallFunction,CompactNodeTitle=%; CompactNodeTitle=%; CustomThunk,stable function id（owner_class + function_name）+ callable evidence + graph capability；CompactNodeTitle/ScriptOperator 只作为显示/别名证据。,CompactNodeTitle 只是 UI token；多候选时要求 stable function id 或完整 pin 类型。,yes,,Source/Runtime/Engine/Classes/Kismet/KismetMathLibrary.h:266; Source/Runtime/Engine/Classes/Kismet/KismetMathLibrary.h:524; Source/Runtime/Engine/Classes/Kismet/KismetMathLibrary.h:425; Source/Runtime/Engine/Classes/Kismet/KismetMathLibrary.h:322,4
near_equal,"~==, near_equal, ==",call_function_compact,,UKismetMathLibrary,LinearColor_IsNearEqual,UK2Node_CallFunction,ScriptOperator===; ScriptMethod; CompactNodeTitle=~==,stable function id（owner_class + function_name）+ callable evidence + graph capability；CompactNodeTitle/ScriptOperator 只作为显示/别名证据。,CompactNodeTitle 只是 UI token；多候选时要求 stable function id 或完整 pin 类型。,yes,,Source/Runtime/Engine/Classes/Kismet/KismetMathLibrary.h:3186,1
negate,"neg, invert, unary_minus, -; neg, unary_minus, -",call_function_compact,,UKismetMathLibrary,NegateRotator; NegateVector; Negated2D; Vector4_Negated,UK2Node_CallFunction,ScriptOperator=neg; ScriptMethod,stable function id（owner_class + function_name）+ callable evidence + graph capability；CompactNodeTitle/ScriptOperator 只作为显示/别名证据。,CompactNodeTitle 只是 UI token；多候选时要求 stable function id 或完整 pin 类型。,yes,,Source/Runtime/Engine/Classes/Kismet/KismetMathLibrary.h:2351; Source/Runtime/Engine/Classes/Kismet/KismetMathLibrary.h:1425; Source/Runtime/Engine/Classes/Kismet/KismetMathLibrary.h:1053; Source/Runtime/Engine/Classes/Kismet/KismetMathLibrary.h:2118,4
not_equal_exact,"!==, not_equal_exact",call_function_compact,,UKismetMathLibrary; UKismetStringLibrary; UKismetTextLibrary,NotEqualExactly_Vector2DVector2D; NotEqualExactly_Vector4Vector4; NotEqualExactly_VectorVector; NotEqual_StrStr; NotEqual_TextText,UK2Node_CallFunction,ScriptOperator=!=; ScriptMethod; CompactNodeTitle=!==; CompactNodeTitle=!==,stable function id（owner_class + function_name）+ callable evidence + graph capability；CompactNodeTitle/ScriptOperator 只作为显示/别名证据。,CompactNodeTitle 只是 UI token；多候选时要求 stable function id 或完整 pin 类型。,yes,,Source/Runtime/Engine/Classes/Kismet/KismetMathLibrary.h:1045; Source/Runtime/Engine/Classes/Kismet/KismetMathLibrary.h:2110; Source/Runtime/Engine/Classes/Kismet/KismetMathLibrary.h:1437; Source/Runtime/Engine/Classes/Kismet/KismetStringLibrary.h:313; Source/Runtime/Engine/Classes/Kismet/KismetTextLibrary.h:222,5
not_equal_ignore_case,"!=, not_equal_ignore_case",call_function_compact,,UKismetStringLibrary; UKismetTextLibrary,NotEqual_StriStri; NotEqual_IgnoreCase_TextText,UK2Node_CallFunction,CompactNodeTitle=!=,stable function id（owner_class + function_name）+ callable evidence + graph capability；CompactNodeTitle/ScriptOperator 只作为显示/别名证据。,CompactNodeTitle 只是 UI token；多候选时要求 stable function id 或完整 pin 类型。,yes,,Source/Runtime/Engine/Classes/Kismet/KismetStringLibrary.h:321; Source/Runtime/Engine/Classes/Kismet/KismetTextLibrary.h:226,2
transform_compose,"*, compose, multiply",call_function_compact,,UKismetMathLibrary,ComposeTransforms,UK2Node_CallFunction,ScriptOperator=*;*=; ScriptMethod; CompactNodeTitle=*,stable function id（owner_class + function_name）+ callable evidence + graph capability；CompactNodeTitle/ScriptOperator 只作为显示/别名证据。,CompactNodeTitle 只是 UI token；多候选时要求 stable function id 或完整 pin 类型。,yes,,Source/Runtime/Engine/Classes/Kismet/KismetMathLibrary.h:3960,1
array_identical,"==, identical, array_equal",special_k2_node,,UKismetArrayLibrary,Array_Identical,UK2Node_CallArrayFunction,CompactNodeTitle===; CustomThunk; ArrayParm,node_class + action/spawner evidence + typed pins；enum/array 等专用节点不得伪装为 TypePromotion。,必须匹配专用节点适用 pin 类型；如 enum equality 只用于 enum，array identity 只用于 array。,yes,,Source/Runtime/Engine/Classes/Kismet/KismetArrayLibrary.h:73,1
enum_equal,"==, enum_equal, equal",special_k2_node,,UK2Node_EnumEquality,Enum equality node; expands to UKismetMathLibrary::EqualEqual_ByteByte,UK2Node_EnumEquality,UCLASS Keywords===; compact title ==; GetMenuActions node spawner; compile expansion to EqualEqual_ByteByte,node_class + action/spawner evidence + typed pins；enum/array 等专用节点不得伪装为 TypePromotion。,必须匹配专用节点适用 pin 类型；如 enum equality 只用于 enum，array identity 只用于 array。,no,排除：依赖 Editor GetMenuActions/专用菜单节点语境；当前 TaskSpec/statement 独立上下文不模拟右键 Action Menu。,Source/Editor/BlueprintGraph/Classes/K2Node_EnumEquality.h:26; Source/Editor/BlueprintGraph/Private/K2Node_EnumEquality.cpp:180; Source/Editor/BlueprintGraph/Private/K2Node_EnumEquality.cpp:220,1
enum_not_equal,"!=, enum_not_equal, not_equal",special_k2_node,,UK2Node_EnumInequality,Enum inequality node; expands to UKismetMathLibrary::NotEqual_ByteByte,UK2Node_EnumInequality,UCLASS Keywords=!=; compact title !=; inherits EnumEquality action registration; compile expansion to NotEqual_ByteByte,node_class + action/spawner evidence + typed pins；enum/array 等专用节点不得伪装为 TypePromotion。,必须匹配专用节点适用 pin 类型；如 enum equality 只用于 enum，array identity 只用于 array。,no,排除：依赖 Editor GetMenuActions/专用菜单节点语境；当前 TaskSpec/statement 独立上下文不模拟右键 Action Menu。,Source/Editor/BlueprintGraph/Classes/K2Node_EnumInequality.h:19; Source/Editor/BlueprintGraph/Classes/K2Node_EnumInequality.h:30; Source/Editor/BlueprintGraph/Private/K2Node_EnumInequality.cpp:32,1
