public_operation,aliases,ue_spawn_path,ue_operation_name,owner_class,function_name,node_class,metadata,required_evidence,ambiguity_rule,included_in_graphwrite_op,exclude_reason,source_path
add,"+, add, plus",type_promotion,Add,UKismetMathLibrary,Add_ByteByte,UK2Node_PromotableOperator,CommutativeAssociativeBinaryOperator=true; CompactNodeTitle=+,TypePromotion operation 名称 + typed pins；必要时提供目标 pin category/subcategory/object 以触发 FindBestMatchingFunc；不能只凭 token 静默选 overload。,同一 public_operation 存在大量 overload；必须由 typed pins 或已解析 function evidence 决定。,yes,,Source/Runtime/Engine/Classes/Kismet/KismetMathLibrary.h:270
add,"+, add, plus",type_promotion,Add,UKismetMathLibrary,Add_DoubleDouble,UK2Node_PromotableOperator,CommutativeAssociativeBinaryOperator=true; CompactNodeTitle=+,TypePromotion operation 名称 + typed pins；必要时提供目标 pin category/subcategory/object 以触发 FindBestMatchingFunc；不能只凭 token 静默选 overload。,同一 public_operation 存在大量 overload；必须由 typed pins 或已解析 function evidence 决定。,yes,,Source/Runtime/Engine/Classes/Kismet/KismetMathLibrary.h:552
add,"+, add, plus",type_promotion,Add,UKismetMathLibrary,Add_Int64Int64,UK2Node_PromotableOperator,CommutativeAssociativeBinaryOperator=true; CompactNodeTitle=+,TypePromotion operation 名称 + typed pins；必要时提供目标 pin category/subcategory/object 以触发 FindBestMatchingFunc；不能只凭 token 静默选 overload。,同一 public_operation 存在大量 overload；必须由 typed pins 或已解析 function evidence 决定。,yes,,Source/Runtime/Engine/Classes/Kismet/KismetMathLibrary.h:429
add,"+, add, plus",type_promotion,Add,UKismetMathLibrary,Add_IntInt,UK2Node_PromotableOperator,CommutativeAssociativeBinaryOperator=true; CompactNodeTitle=+,TypePromotion operation 名称 + typed pins；必要时提供目标 pin category/subcategory/object 以触发 FindBestMatchingFunc；不能只凭 token 静默选 overload。,同一 public_operation 存在大量 overload；必须由 typed pins 或已解析 function evidence 决定。,yes,,Source/Runtime/Engine/Classes/Kismet/KismetMathLibrary.h:326
add,"+, add, plus",type_promotion,Add,UKismetMathLibrary,Add_IntPointInt,UK2Node_PromotableOperator,ScriptOperator=+;+=; ScriptMethod; CompactNodeTitle=+,TypePromotion operation 名称 + typed pins；必要时提供目标 pin category/subcategory/object 以触发 FindBestMatchingFunc；不能只凭 token 静默选 overload。,同一 public_operation 存在大量 overload；必须由 typed pins 或已解析 function evidence 决定。,yes,,Source/Runtime/Engine/Classes/Kismet/KismetMathLibrary.h:932
add,"+, add, plus",type_promotion,Add,UKismetMathLibrary,Add_IntPointIntPoint,UK2Node_PromotableOperator,ScriptOperator=+;+=; ScriptMethod; CompactNodeTitle=+,TypePromotion operation 名称 + typed pins；必要时提供目标 pin category/subcategory/object 以触发 FindBestMatchingFunc；不能只凭 token 静默选 overload。,同一 public_operation 存在大量 overload；必须由 typed pins 或已解析 function evidence 决定。,yes,,Source/Runtime/Engine/Classes/Kismet/KismetMathLibrary.h:928
add,"+, add, plus",type_promotion,Add,UKismetMathLibrary,Add_LinearColorLinearColor,UK2Node_PromotableOperator,ScriptOperator=+;+=; ScriptMethod; CompactNodeTitle=+,TypePromotion operation 名称 + typed pins；必要时提供目标 pin category/subcategory/object 以触发 FindBestMatchingFunc；不能只凭 token 静默选 overload。,同一 public_operation 存在大量 overload；必须由 typed pins 或已解析 function evidence 决定。,yes,,Source/Runtime/Engine/Classes/Kismet/KismetMathLibrary.h:3198
add,"+, add, plus",type_promotion,Add,UKismetMathLibrary,Add_MatrixMatrix,UK2Node_PromotableOperator,CommutativeAssociativeBinaryOperator=true; ScriptOperator=+;+=; ScriptMethod; CompactNodeTitle=+,TypePromotion operation 名称 + typed pins；必要时提供目标 pin category/subcategory/object 以触发 FindBestMatchingFunc；不能只凭 token 静默选 overload。,同一 public_operation 存在大量 overload；必须由 typed pins 或已解析 function evidence 决定。,yes,,Source/Runtime/Engine/Classes/Kismet/KismetMathLibrary.h:2457
add,"+, add, plus",type_promotion,Add,UKismetMathLibrary,Add_QuatQuat,UK2Node_PromotableOperator,CommutativeAssociativeBinaryOperator=true; ScriptOperator=+;+=; ScriptMethod; CompactNodeTitle=+,TypePromotion operation 名称 + typed pins；必要时提供目标 pin category/subcategory/object 以触发 FindBestMatchingFunc；不能只凭 token 静默选 overload。,同一 public_operation 存在大量 overload；必须由 typed pins 或已解析 function evidence 决定。,yes,,Source/Runtime/Engine/Classes/Kismet/KismetMathLibrary.h:2754
add,"+, add, plus",type_promotion,Add,UKismetMathLibrary,Add_TimespanTimespan,UK2Node_PromotableOperator,CompactNodeTitle=+,TypePromotion operation 名称 + typed pins；必要时提供目标 pin category/subcategory/object 以触发 FindBestMatchingFunc；不能只凭 token 静默选 overload。,同一 public_operation 存在大量 overload；必须由 typed pins 或已解析 function evidence 决定。,yes,,Source/Runtime/Engine/Classes/Kismet/KismetMathLibrary.h:3445
add,"+, add, plus",type_promotion,Add,UKismetMathLibrary,Add_Vector2DFloat,UK2Node_PromotableOperator,ScriptOperator=+;+=; ScriptMethod; CompactNodeTitle=+,TypePromotion operation 名称 + typed pins；必要时提供目标 pin category/subcategory/object 以触发 FindBestMatchingFunc；不能只凭 token 静默选 overload。,同一 public_operation 存在大量 overload；必须由 typed pins 或已解析 function evidence 决定。,yes,,Source/Runtime/Engine/Classes/Kismet/KismetMathLibrary.h:1009
add,"+, add, plus",type_promotion,Add,UKismetMathLibrary,Add_Vector2DVector2D,UK2Node_PromotableOperator,CommutativeAssociativeBinaryOperator=true; ScriptOperator=+;+=; ScriptMethod; CompactNodeTitle=+,TypePromotion operation 名称 + typed pins；必要时提供目标 pin category/subcategory/object 以触发 FindBestMatchingFunc；不能只凭 token 静默选 overload。,同一 public_operation 存在大量 overload；必须由 typed pins 或已解析 function evidence 决定。,yes,,Source/Runtime/Engine/Classes/Kismet/KismetMathLibrary.h:1005
add,"+, add, plus",type_promotion,Add,UKismetMathLibrary,Add_Vector4Vector4,UK2Node_PromotableOperator,CommutativeAssociativeBinaryOperator=true; ScriptOperator=+;+=; ScriptMethod; CompactNodeTitle=+,TypePromotion operation 名称 + typed pins；必要时提供目标 pin category/subcategory/object 以触发 FindBestMatchingFunc；不能只凭 token 静默选 overload。,同一 public_operation 存在大量 overload；必须由 typed pins 或已解析 function evidence 决定。,yes,,Source/Runtime/Engine/Classes/Kismet/KismetMathLibrary.h:2086
add,"+, add, plus",type_promotion,Add,UKismetMathLibrary,Add_VectorFloat,UK2Node_PromotableOperator,ScriptMethod; CompactNodeTitle=+,TypePromotion operation 名称 + typed pins；必要时提供目标 pin category/subcategory/object 以触发 FindBestMatchingFunc；不能只凭 token 静默选 overload。,同一 public_operation 存在大量 overload；必须由 typed pins 或已解析 function evidence 决定。,yes,,Source/Runtime/Engine/Classes/Kismet/KismetMathLibrary.h:1381
add,"+, add, plus",type_promotion,Add,UKismetMathLibrary,Add_VectorInt,UK2Node_PromotableOperator,ScriptMethod; CompactNodeTitle=+,TypePromotion operation 名称 + typed pins；必要时提供目标 pin category/subcategory/object 以触发 FindBestMatchingFunc；不能只凭 token 静默选 overload。,同一 public_operation 存在大量 overload；必须由 typed pins 或已解析 function evidence 决定。,yes,,Source/Runtime/Engine/Classes/Kismet/KismetMathLibrary.h:1385
add,"+, add, plus",type_promotion,Add,UKismetMathLibrary,Add_VectorVector,UK2Node_PromotableOperator,CommutativeAssociativeBinaryOperator=true; ScriptOperator=+;+=; ScriptMethod; CompactNodeTitle=+,TypePromotion operation 名称 + typed pins；必要时提供目标 pin category/subcategory/object 以触发 FindBestMatchingFunc；不能只凭 token 静默选 overload。,同一 public_operation 存在大量 overload；必须由 typed pins 或已解析 function evidence 决定。,yes,,Source/Runtime/Engine/Classes/Kismet/KismetMathLibrary.h:1377
add,"+, add, plus",type_promotion,Add,UTimeManagementBlueprintLibrary,Add_FrameNumberFrameNumber,UK2Node_PromotableOperator,CommutativeAssociativeBinaryOperator=true; ScriptOperator=+;+=; ScriptMethod; CompactNodeTitle=+,TypePromotion operation 名称 + typed pins；必要时提供目标 pin category/subcategory/object 以触发 FindBestMatchingFunc；不能只凭 token 静默选 overload。,同一 public_operation 存在大量 overload；必须由 typed pins 或已解析 function evidence 决定。,yes,,Source/Runtime/TimeManagement/Public/TimeManagementBlueprintLibrary.h:70
add,"+, add, plus",type_promotion,Add,UTimeManagementBlueprintLibrary,Add_FrameNumberInteger,UK2Node_PromotableOperator,ScriptOperator=+;+=; ScriptMethod; CompactNodeTitle=+,TypePromotion operation 名称 + typed pins；必要时提供目标 pin category/subcategory/object 以触发 FindBestMatchingFunc；不能只凭 token 静默选 overload。,同一 public_operation 存在大量 overload；必须由 typed pins 或已解析 function evidence 决定。,yes,,Source/Runtime/TimeManagement/Public/TimeManagementBlueprintLibrary.h:78
multiply,"*, multiply, times",type_promotion,Multiply,UKismetMathLibrary,Multiply_ByteByte,UK2Node_PromotableOperator,CommutativeAssociativeBinaryOperator=true; CompactNodeTitle=*,TypePromotion operation 名称 + typed pins；必要时提供目标 pin category/subcategory/object 以触发 FindBestMatchingFunc；不能只凭 token 静默选 overload。,同一 public_operation 存在大量 overload；必须由 typed pins 或已解析 function evidence 决定。,yes,,Source/Runtime/Engine/Classes/Kismet/KismetMathLibrary.h:258
multiply,"*, multiply, times",type_promotion,Multiply,UKismetMathLibrary,Multiply_DoubleDouble,UK2Node_PromotableOperator,CommutativeAssociativeBinaryOperator=true; CompactNodeTitle=*,TypePromotion operation 名称 + typed pins；必要时提供目标 pin category/subcategory/object 以触发 FindBestMatchingFunc；不能只凭 token 静默选 overload。,同一 public_operation 存在大量 overload；必须由 typed pins 或已解析 function evidence 决定。,yes,,Source/Runtime/Engine/Classes/Kismet/KismetMathLibrary.h:560
multiply,"*, multiply, times",type_promotion,Multiply,UKismetMathLibrary,Multiply_Int64Int64,UK2Node_PromotableOperator,CommutativeAssociativeBinaryOperator=true; CompactNodeTitle=*,TypePromotion operation 名称 + typed pins；必要时提供目标 pin category/subcategory/object 以触发 FindBestMatchingFunc；不能只凭 token 静默选 overload。,同一 public_operation 存在大量 overload；必须由 typed pins 或已解析 function evidence 决定。,yes,,Source/Runtime/Engine/Classes/Kismet/KismetMathLibrary.h:417
multiply,"*, multiply, times",type_promotion,Multiply,UKismetMathLibrary,Multiply_IntFloat,UK2Node_PromotableOperator,CompactNodeTitle=*,TypePromotion operation 名称 + typed pins；必要时提供目标 pin category/subcategory/object 以触发 FindBestMatchingFunc；不能只凭 token 静默选 overload。,同一 public_operation 存在大量 overload；必须由 typed pins 或已解析 function evidence 决定。,yes,,Source/Runtime/Engine/Classes/Kismet/KismetMathLibrary.h:520
multiply,"*, multiply, times",type_promotion,Multiply,UKismetMathLibrary,Multiply_IntInt,UK2Node_PromotableOperator,CommutativeAssociativeBinaryOperator=true; CompactNodeTitle=*,TypePromotion operation 名称 + typed pins；必要时提供目标 pin category/subcategory/object 以触发 FindBestMatchingFunc；不能只凭 token 静默选 overload。,同一 public_operation 存在大量 overload；必须由 typed pins 或已解析 function evidence 决定。,yes,,Source/Runtime/Engine/Classes/Kismet/KismetMathLibrary.h:314
multiply,"*, multiply, times",type_promotion,Multiply,UKismetMathLibrary,Multiply_IntPointInt,UK2Node_PromotableOperator,ScriptOperator=*;*=; ScriptMethod; CompactNodeTitle=*,TypePromotion operation 名称 + typed pins；必要时提供目标 pin category/subcategory/object 以触发 FindBestMatchingFunc；不能只凭 token 静默选 overload。,同一 public_operation 存在大量 overload；必须由 typed pins 或已解析 function evidence 决定。,yes,,Source/Runtime/Engine/Classes/Kismet/KismetMathLibrary.h:948
multiply,"*, multiply, times",type_promotion,Multiply,UKismetMathLibrary,Multiply_IntPointIntPoint,UK2Node_PromotableOperator,ScriptOperator=*;*=; ScriptMethod; CompactNodeTitle=*,TypePromotion operation 名称 + typed pins；必要时提供目标 pin category/subcategory/object 以触发 FindBestMatchingFunc；不能只凭 token 静默选 overload。,同一 public_operation 存在大量 overload；必须由 typed pins 或已解析 function evidence 决定。,yes,,Source/Runtime/Engine/Classes/Kismet/KismetMathLibrary.h:944
multiply,"*, multiply, times",type_promotion,Multiply,UKismetMathLibrary,Multiply_LinearColorFloat,UK2Node_PromotableOperator,ScriptMethod; CompactNodeTitle=*,TypePromotion operation 名称 + typed pins；必要时提供目标 pin category/subcategory/object 以触发 FindBestMatchingFunc；不能只凭 token 静默选 overload。,同一 public_operation 存在大量 overload；必须由 typed pins 或已解析 function evidence 决定。,yes,,Source/Runtime/Engine/Classes/Kismet/KismetMathLibrary.h:3210
multiply,"*, multiply, times",type_promotion,Multiply,UKismetMathLibrary,Multiply_LinearColorLinearColor,UK2Node_PromotableOperator,ScriptOperator=*;*=; ScriptMethod; CompactNodeTitle=*,TypePromotion operation 名称 + typed pins；必要时提供目标 pin category/subcategory/object 以触发 FindBestMatchingFunc；不能只凭 token 静默选 overload。,同一 public_operation 存在大量 overload；必须由 typed pins 或已解析 function evidence 决定。,yes,,Source/Runtime/Engine/Classes/Kismet/KismetMathLibrary.h:3206
multiply,"*, multiply, times",type_promotion,Multiply,UKismetMathLibrary,Multiply_MatrixFloat,UK2Node_PromotableOperator,ScriptOperator=*;*=; ScriptMethod; CompactNodeTitle=*,TypePromotion operation 名称 + typed pins；必要时提供目标 pin category/subcategory/object 以触发 FindBestMatchingFunc；不能只凭 token 静默选 overload。,同一 public_operation 存在大量 overload；必须由 typed pins 或已解析 function evidence 决定。,yes,,Source/Runtime/Engine/Classes/Kismet/KismetMathLibrary.h:2464
multiply,"*, multiply, times",type_promotion,Multiply,UKismetMathLibrary,Multiply_MatrixMatrix,UK2Node_PromotableOperator,ScriptOperator=*;*=; ScriptMethod; CompactNodeTitle=*,TypePromotion operation 名称 + typed pins；必要时提供目标 pin category/subcategory/object 以触发 FindBestMatchingFunc；不能只凭 token 静默选 overload。,同一 public_operation 存在大量 overload；必须由 typed pins 或已解析 function evidence 决定。,yes,,Source/Runtime/Engine/Classes/Kismet/KismetMathLibrary.h:2448
multiply,"*, multiply, times",type_promotion,Multiply,UKismetMathLibrary,Multiply_QuatQuat,UK2Node_PromotableOperator,CommutativeAssociativeBinaryOperator=true; ScriptOperator=*;*=; ScriptMethod; CompactNodeTitle=*,TypePromotion operation 名称 + typed pins；必要时提供目标 pin category/subcategory/object 以触发 FindBestMatchingFunc；不能只凭 token 静默选 overload。,同一 public_operation 存在大量 overload；必须由 typed pins 或已解析 function evidence 决定。,yes,,Source/Runtime/Engine/Classes/Kismet/KismetMathLibrary.h:2778
multiply,"*, multiply, times",type_promotion,Multiply,UKismetMathLibrary,Multiply_RotatorFloat,UK2Node_PromotableOperator,ScriptMethod; CompactNodeTitle=*,TypePromotion operation 名称 + typed pins；必要时提供目标 pin category/subcategory/object 以触发 FindBestMatchingFunc；不能只凭 token 静默选 overload。,同一 public_operation 存在大量 overload；必须由 typed pins 或已解析 function evidence 决定。,yes,,Source/Runtime/Engine/Classes/Kismet/KismetMathLibrary.h:2339
multiply,"*, multiply, times",type_promotion,Multiply,UKismetMathLibrary,Multiply_RotatorInt,UK2Node_PromotableOperator,ScriptMethod; CompactNodeTitle=*,TypePromotion operation 名称 + typed pins；必要时提供目标 pin category/subcategory/object 以触发 FindBestMatchingFunc；不能只凭 token 静默选 overload。,同一 public_operation 存在大量 overload；必须由 typed pins 或已解析 function evidence 决定。,yes,,Source/Runtime/Engine/Classes/Kismet/KismetMathLibrary.h:2343
multiply,"*, multiply, times",type_promotion,Multiply,UKismetMathLibrary,Multiply_TimespanFloat,UK2Node_PromotableOperator,CompactNodeTitle=*,TypePromotion operation 名称 + typed pins；必要时提供目标 pin category/subcategory/object 以触发 FindBestMatchingFunc；不能只凭 token 静默选 overload。,同一 public_operation 存在大量 overload；必须由 typed pins 或已解析 function evidence 决定。,yes,,Source/Runtime/Engine/Classes/Kismet/KismetMathLibrary.h:3453
multiply,"*, multiply, times",type_promotion,Multiply,UKismetMathLibrary,Multiply_Vector2DFloat,UK2Node_PromotableOperator,ScriptOperator=*;*=; ScriptMethod; CompactNodeTitle=*,TypePromotion operation 名称 + typed pins；必要时提供目标 pin category/subcategory/object 以触发 FindBestMatchingFunc；不能只凭 token 静默选 overload。,同一 public_operation 存在大量 overload；必须由 typed pins 或已解析 function evidence 决定。,yes,,Source/Runtime/Engine/Classes/Kismet/KismetMathLibrary.h:1025
multiply,"*, multiply, times",type_promotion,Multiply,UKismetMathLibrary,Multiply_Vector2DVector2D,UK2Node_PromotableOperator,CommutativeAssociativeBinaryOperator=true; ScriptOperator=*;*=; ScriptMethod; CompactNodeTitle=*,TypePromotion operation 名称 + typed pins；必要时提供目标 pin category/subcategory/object 以触发 FindBestMatchingFunc；不能只凭 token 静默选 overload。,同一 public_operation 存在大量 overload；必须由 typed pins 或已解析 function evidence 决定。,yes,,Source/Runtime/Engine/Classes/Kismet/KismetMathLibrary.h:1021
multiply,"*, multiply, times",type_promotion,Multiply,UKismetMathLibrary,Multiply_Vector4Vector4,UK2Node_PromotableOperator,CommutativeAssociativeBinaryOperator=true; ScriptOperator=*;*=; ScriptMethod; CompactNodeTitle=*,TypePromotion operation 名称 + typed pins；必要时提供目标 pin category/subcategory/object 以触发 FindBestMatchingFunc；不能只凭 token 静默选 overload。,同一 public_operation 存在大量 overload；必须由 typed pins 或已解析 function evidence 决定。,yes,,Source/Runtime/Engine/Classes/Kismet/KismetMathLibrary.h:2094
multiply,"*, multiply, times",type_promotion,Multiply,UKismetMathLibrary,Multiply_VectorFloat,UK2Node_PromotableOperator,ScriptOperator=*;*=; ScriptMethod; CompactNodeTitle=*,TypePromotion operation 名称 + typed pins；必要时提供目标 pin category/subcategory/object 以触发 FindBestMatchingFunc；不能只凭 token 静默选 overload。,同一 public_operation 存在大量 overload；必须由 typed pins 或已解析 function evidence 决定。,yes,,Source/Runtime/Engine/Classes/Kismet/KismetMathLibrary.h:1405
multiply,"*, multiply, times",type_promotion,Multiply,UKismetMathLibrary,Multiply_VectorInt,UK2Node_PromotableOperator,ScriptMethod; CompactNodeTitle=*,TypePromotion operation 名称 + typed pins；必要时提供目标 pin category/subcategory/object 以触发 FindBestMatchingFunc；不能只凭 token 静默选 overload。,同一 public_operation 存在大量 overload；必须由 typed pins 或已解析 function evidence 决定。,yes,,Source/Runtime/Engine/Classes/Kismet/KismetMathLibrary.h:1409
multiply,"*, multiply, times",type_promotion,Multiply,UKismetMathLibrary,Multiply_VectorVector,UK2Node_PromotableOperator,CommutativeAssociativeBinaryOperator=true; ScriptOperator=*;*=; ScriptMethod; CompactNodeTitle=*,TypePromotion operation 名称 + typed pins；必要时提供目标 pin category/subcategory/object 以触发 FindBestMatchingFunc；不能只凭 token 静默选 overload。,同一 public_operation 存在大量 overload；必须由 typed pins 或已解析 function evidence 决定。,yes,,Source/Runtime/Engine/Classes/Kismet/KismetMathLibrary.h:1401
multiply,"*, multiply, times",type_promotion,Multiply,UTimeManagementBlueprintLibrary,Multiply_FrameNumberInteger,UK2Node_PromotableOperator,ScriptOperator=*;*=; ScriptMethod; CompactNodeTitle=*,TypePromotion operation 名称 + typed pins；必要时提供目标 pin category/subcategory/object 以触发 FindBestMatchingFunc；不能只凭 token 静默选 overload。,同一 public_operation 存在大量 overload；必须由 typed pins 或已解析 function evidence 决定。,yes,,Source/Runtime/TimeManagement/Public/TimeManagementBlueprintLibrary.h:86
multiply,"*, multiply, times",type_promotion,Multiply,UTimeManagementBlueprintLibrary,Multiply_SecondsFrameRate,UK2Node_PromotableOperator,CompactNodeTitle=*,TypePromotion operation 名称 + typed pins；必要时提供目标 pin category/subcategory/object 以触发 FindBestMatchingFunc；不能只凭 token 静默选 overload。,同一 public_operation 存在大量 overload；必须由 typed pins 或已解析 function evidence 决定。,yes,,Source/Runtime/TimeManagement/Public/TimeManagementBlueprintLibrary.h:46
subtract,"-, subtract, minus",type_promotion,Subtract,UKismetMathLibrary,Subtract_ByteByte,UK2Node_PromotableOperator,CompactNodeTitle=-,TypePromotion operation 名称 + typed pins；必要时提供目标 pin category/subcategory/object 以触发 FindBestMatchingFunc；不能只凭 token 静默选 overload。,同一 public_operation 存在大量 overload；必须由 typed pins 或已解析 function evidence 决定。,yes,,Source/Runtime/Engine/Classes/Kismet/KismetMathLibrary.h:274
subtract,"-, subtract, minus",type_promotion,Subtract,UKismetMathLibrary,Subtract_DoubleDouble,UK2Node_PromotableOperator,CompactNodeTitle=-,TypePromotion operation 名称 + typed pins；必要时提供目标 pin category/subcategory/object 以触发 FindBestMatchingFunc；不能只凭 token 静默选 overload。,同一 public_operation 存在大量 overload；必须由 typed pins 或已解析 function evidence 决定。,yes,,Source/Runtime/Engine/Classes/Kismet/KismetMathLibrary.h:556
subtract,"-, subtract, minus",type_promotion,Subtract,UKismetMathLibrary,Subtract_Int64Int64,UK2Node_PromotableOperator,CompactNodeTitle=-,TypePromotion operation 名称 + typed pins；必要时提供目标 pin category/subcategory/object 以触发 FindBestMatchingFunc；不能只凭 token 静默选 overload。,同一 public_operation 存在大量 overload；必须由 typed pins 或已解析 function evidence 决定。,yes,,Source/Runtime/Engine/Classes/Kismet/KismetMathLibrary.h:433
subtract,"-, subtract, minus",type_promotion,Subtract,UKismetMathLibrary,Subtract_IntInt,UK2Node_PromotableOperator,CompactNodeTitle=-,TypePromotion operation 名称 + typed pins；必要时提供目标 pin category/subcategory/object 以触发 FindBestMatchingFunc；不能只凭 token 静默选 overload。,同一 public_operation 存在大量 overload；必须由 typed pins 或已解析 function evidence 决定。,yes,,Source/Runtime/Engine/Classes/Kismet/KismetMathLibrary.h:330
subtract,"-, subtract, minus",type_promotion,Subtract,UKismetMathLibrary,Subtract_IntPointInt,UK2Node_PromotableOperator,ScriptOperator=-;-=; ScriptMethod; CompactNodeTitle=-,TypePromotion operation 名称 + typed pins；必要时提供目标 pin category/subcategory/object 以触发 FindBestMatchingFunc；不能只凭 token 静默选 overload。,同一 public_operation 存在大量 overload；必须由 typed pins 或已解析 function evidence 决定。,yes,,Source/Runtime/Engine/Classes/Kismet/KismetMathLibrary.h:940
subtract,"-, subtract, minus",type_promotion,Subtract,UKismetMathLibrary,Subtract_IntPointIntPoint,UK2Node_PromotableOperator,ScriptOperator=-;-=; ScriptMethod; CompactNodeTitle=-,TypePromotion operation 名称 + typed pins；必要时提供目标 pin category/subcategory/object 以触发 FindBestMatchingFunc；不能只凭 token 静默选 overload。,同一 public_operation 存在大量 overload；必须由 typed pins 或已解析 function evidence 决定。,yes,,Source/Runtime/Engine/Classes/Kismet/KismetMathLibrary.h:936
subtract,"-, subtract, minus",type_promotion,Subtract,UKismetMathLibrary,Subtract_LinearColorLinearColor,UK2Node_PromotableOperator,ScriptOperator=-;-=; ScriptMethod; CompactNodeTitle=-,TypePromotion operation 名称 + typed pins；必要时提供目标 pin category/subcategory/object 以触发 FindBestMatchingFunc；不能只凭 token 静默选 overload。,同一 public_operation 存在大量 overload；必须由 typed pins 或已解析 function evidence 决定。,yes,,Source/Runtime/Engine/Classes/Kismet/KismetMathLibrary.h:3202
subtract,"-, subtract, minus",type_promotion,Subtract,UKismetMathLibrary,Subtract_QuatQuat,UK2Node_PromotableOperator,ScriptOperator=-;-=; ScriptMethod; CompactNodeTitle=-,TypePromotion operation 名称 + typed pins；必要时提供目标 pin category/subcategory/object 以触发 FindBestMatchingFunc；不能只凭 token 静默选 overload。,同一 public_operation 存在大量 overload；必须由 typed pins 或已解析 function evidence 决定。,yes,,Source/Runtime/Engine/Classes/Kismet/KismetMathLibrary.h:2758
subtract,"-, subtract, minus",type_promotion,Subtract,UKismetMathLibrary,Subtract_TimespanTimespan,UK2Node_PromotableOperator,CompactNodeTitle=-,TypePromotion operation 名称 + typed pins；必要时提供目标 pin category/subcategory/object 以触发 FindBestMatchingFunc；不能只凭 token 静默选 overload。,同一 public_operation 存在大量 overload；必须由 typed pins 或已解析 function evidence 决定。,yes,,Source/Runtime/Engine/Classes/Kismet/KismetMathLibrary.h:3449
subtract,"-, subtract, minus",type_promotion,Subtract,UKismetMathLibrary,Subtract_Vector2DFloat,UK2Node_PromotableOperator,ScriptOperator=-;-=; ScriptMethod; CompactNodeTitle=-,TypePromotion operation 名称 + typed pins；必要时提供目标 pin category/subcategory/object 以触发 FindBestMatchingFunc；不能只凭 token 静默选 overload。,同一 public_operation 存在大量 overload；必须由 typed pins 或已解析 function evidence 决定。,yes,,Source/Runtime/Engine/Classes/Kismet/KismetMathLibrary.h:1017
subtract,"-, subtract, minus",type_promotion,Subtract,UKismetMathLibrary,Subtract_Vector2DVector2D,UK2Node_PromotableOperator,ScriptOperator=-;-=; ScriptMethod; CompactNodeTitle=-,TypePromotion operation 名称 + typed pins；必要时提供目标 pin category/subcategory/object 以触发 FindBestMatchingFunc；不能只凭 token 静默选 overload。,同一 public_operation 存在大量 overload；必须由 typed pins 或已解析 function evidence 决定。,yes,,Source/Runtime/Engine/Classes/Kismet/KismetMathLibrary.h:1013
subtract,"-, subtract, minus",type_promotion,Subtract,UKismetMathLibrary,Subtract_Vector4Vector4,UK2Node_PromotableOperator,ScriptOperator=-;-=; ScriptMethod; CompactNodeTitle=-,TypePromotion operation 名称 + typed pins；必要时提供目标 pin category/subcategory/object 以触发 FindBestMatchingFunc；不能只凭 token 静默选 overload。,同一 public_operation 存在大量 overload；必须由 typed pins 或已解析 function evidence 决定。,yes,,Source/Runtime/Engine/Classes/Kismet/KismetMathLibrary.h:2090
subtract,"-, subtract, minus",type_promotion,Subtract,UKismetMathLibrary,Subtract_VectorFloat,UK2Node_PromotableOperator,ScriptMethod; CompactNodeTitle=-,TypePromotion operation 名称 + typed pins；必要时提供目标 pin category/subcategory/object 以触发 FindBestMatchingFunc；不能只凭 token 静默选 overload。,同一 public_operation 存在大量 overload；必须由 typed pins 或已解析 function evidence 决定。,yes,,Source/Runtime/Engine/Classes/Kismet/KismetMathLibrary.h:1393
subtract,"-, subtract, minus",type_promotion,Subtract,UKismetMathLibrary,Subtract_VectorInt,UK2Node_PromotableOperator,ScriptMethod; CompactNodeTitle=-,TypePromotion operation 名称 + typed pins；必要时提供目标 pin category/subcategory/object 以触发 FindBestMatchingFunc；不能只凭 token 静默选 overload。,同一 public_operation 存在大量 overload；必须由 typed pins 或已解析 function evidence 决定。,yes,,Source/Runtime/Engine/Classes/Kismet/KismetMathLibrary.h:1397
subtract,"-, subtract, minus",type_promotion,Subtract,UKismetMathLibrary,Subtract_VectorVector,UK2Node_PromotableOperator,ScriptOperator=-;-=; ScriptMethod; CompactNodeTitle=-,TypePromotion operation 名称 + typed pins；必要时提供目标 pin category/subcategory/object 以触发 FindBestMatchingFunc；不能只凭 token 静默选 overload。,同一 public_operation 存在大量 overload；必须由 typed pins 或已解析 function evidence 决定。,yes,,Source/Runtime/Engine/Classes/Kismet/KismetMathLibrary.h:1389
subtract,"-, subtract, minus",type_promotion,Subtract,UTimeManagementBlueprintLibrary,Subtract_FrameNumberFrameNumber,UK2Node_PromotableOperator,ScriptOperator=-;-=; ScriptMethod; CompactNodeTitle=-,TypePromotion operation 名称 + typed pins；必要时提供目标 pin category/subcategory/object 以触发 FindBestMatchingFunc；不能只凭 token 静默选 overload。,同一 public_operation 存在大量 overload；必须由 typed pins 或已解析 function evidence 决定。,yes,,Source/Runtime/TimeManagement/Public/TimeManagementBlueprintLibrary.h:74
subtract,"-, subtract, minus",type_promotion,Subtract,UTimeManagementBlueprintLibrary,Subtract_FrameNumberInteger,UK2Node_PromotableOperator,ScriptOperator=-;-=; ScriptMethod; CompactNodeTitle=-,TypePromotion operation 名称 + typed pins；必要时提供目标 pin category/subcategory/object 以触发 FindBestMatchingFunc；不能只凭 token 静默选 overload。,同一 public_operation 存在大量 overload；必须由 typed pins 或已解析 function evidence 决定。,yes,,Source/Runtime/TimeManagement/Public/TimeManagementBlueprintLibrary.h:82
divide,"/, divide",type_promotion,Divide,UKismetMathLibrary,Divide_ByteByte,UK2Node_PromotableOperator,CompactNodeTitle=/,TypePromotion operation 名称 + typed pins；必要时提供目标 pin category/subcategory/object 以触发 FindBestMatchingFunc；不能只凭 token 静默选 overload。,同一 public_operation 存在大量 overload；必须由 typed pins 或已解析 function evidence 决定。,yes,,Source/Runtime/Engine/Classes/Kismet/KismetMathLibrary.h:262
divide,"/, divide",type_promotion,Divide,UKismetMathLibrary,Divide_DoubleDouble,UK2Node_PromotableOperator,CompactNodeTitle=/,TypePromotion operation 名称 + typed pins；必要时提供目标 pin category/subcategory/object 以触发 FindBestMatchingFunc；不能只凭 token 静默选 overload。,同一 public_operation 存在大量 overload；必须由 typed pins 或已解析 function evidence 决定。,yes,,Source/Runtime/Engine/Classes/Kismet/KismetMathLibrary.h:564
divide,"/, divide",type_promotion,Divide,UKismetMathLibrary,Divide_Int64Int64,UK2Node_PromotableOperator,CompactNodeTitle=/,TypePromotion operation 名称 + typed pins；必要时提供目标 pin category/subcategory/object 以触发 FindBestMatchingFunc；不能只凭 token 静默选 overload。,同一 public_operation 存在大量 overload；必须由 typed pins 或已解析 function evidence 决定。,yes,,Source/Runtime/Engine/Classes/Kismet/KismetMathLibrary.h:421
divide,"/, divide",type_promotion,Divide,UKismetMathLibrary,Divide_IntInt,UK2Node_PromotableOperator,CompactNodeTitle=/,TypePromotion operation 名称 + typed pins；必要时提供目标 pin category/subcategory/object 以触发 FindBestMatchingFunc；不能只凭 token 静默选 overload。,同一 public_operation 存在大量 overload；必须由 typed pins 或已解析 function evidence 决定。,yes,,Source/Runtime/Engine/Classes/Kismet/KismetMathLibrary.h:318
divide,"/, divide",type_promotion,Divide,UKismetMathLibrary,Divide_IntPointInt,UK2Node_PromotableOperator,ScriptOperator=/;/=; ScriptMethod; CompactNodeTitle=/,TypePromotion operation 名称 + typed pins；必要时提供目标 pin category/subcategory/object 以触发 FindBestMatchingFunc；不能只凭 token 静默选 overload。,同一 public_operation 存在大量 overload；必须由 typed pins 或已解析 function evidence 决定。,yes,,Source/Runtime/Engine/Classes/Kismet/KismetMathLibrary.h:956
divide,"/, divide",type_promotion,Divide,UKismetMathLibrary,Divide_IntPointIntPoint,UK2Node_PromotableOperator,ScriptOperator=/;/=; ScriptMethod; CompactNodeTitle=/,TypePromotion operation 名称 + typed pins；必要时提供目标 pin category/subcategory/object 以触发 FindBestMatchingFunc；不能只凭 token 静默选 overload。,同一 public_operation 存在大量 overload；必须由 typed pins 或已解析 function evidence 决定。,yes,,Source/Runtime/Engine/Classes/Kismet/KismetMathLibrary.h:952
divide,"/, divide",type_promotion,Divide,UKismetMathLibrary,Divide_LinearColorLinearColor,UK2Node_PromotableOperator,ScriptOperator=/;/=; ScriptMethod; CompactNodeTitle=/,TypePromotion operation 名称 + typed pins；必要时提供目标 pin category/subcategory/object 以触发 FindBestMatchingFunc；不能只凭 token 静默选 overload。,同一 public_operation 存在大量 overload；必须由 typed pins 或已解析 function evidence 决定。,yes,,Source/Runtime/Engine/Classes/Kismet/KismetMathLibrary.h:3214
divide,"/, divide",type_promotion,Divide,UKismetMathLibrary,Divide_TimespanFloat,UK2Node_PromotableOperator,CompactNodeTitle=/,TypePromotion operation 名称 + typed pins；必要时提供目标 pin category/subcategory/object 以触发 FindBestMatchingFunc；不能只凭 token 静默选 overload。,同一 public_operation 存在大量 overload；必须由 typed pins 或已解析 function evidence 决定。,yes,,Source/Runtime/Engine/Classes/Kismet/KismetMathLibrary.h:3457
divide,"/, divide",type_promotion,Divide,UKismetMathLibrary,Divide_Vector2DFloat,UK2Node_PromotableOperator,ScriptOperator=/;/=; ScriptMethod; CompactNodeTitle=/,TypePromotion operation 名称 + typed pins；必要时提供目标 pin category/subcategory/object 以触发 FindBestMatchingFunc；不能只凭 token 静默选 overload。,同一 public_operation 存在大量 overload；必须由 typed pins 或已解析 function evidence 决定。,yes,,Source/Runtime/Engine/Classes/Kismet/KismetMathLibrary.h:1033
divide,"/, divide",type_promotion,Divide,UKismetMathLibrary,Divide_Vector2DVector2D,UK2Node_PromotableOperator,ScriptOperator=/;/=; ScriptMethod; CompactNodeTitle=/,TypePromotion operation 名称 + typed pins；必要时提供目标 pin category/subcategory/object 以触发 FindBestMatchingFunc；不能只凭 token 静默选 overload。,同一 public_operation 存在大量 overload；必须由 typed pins 或已解析 function evidence 决定。,yes,,Source/Runtime/Engine/Classes/Kismet/KismetMathLibrary.h:1029
divide,"/, divide",type_promotion,Divide,UKismetMathLibrary,Divide_Vector4Vector4,UK2Node_PromotableOperator,ScriptOperator=/;/=; ScriptMethod; CompactNodeTitle=/,TypePromotion operation 名称 + typed pins；必要时提供目标 pin category/subcategory/object 以触发 FindBestMatchingFunc；不能只凭 token 静默选 overload。,同一 public_operation 存在大量 overload；必须由 typed pins 或已解析 function evidence 决定。,yes,,Source/Runtime/Engine/Classes/Kismet/KismetMathLibrary.h:2098
divide,"/, divide",type_promotion,Divide,UKismetMathLibrary,Divide_VectorFloat,UK2Node_PromotableOperator,ScriptOperator=/;/=; ScriptMethod; CompactNodeTitle=/,TypePromotion operation 名称 + typed pins；必要时提供目标 pin category/subcategory/object 以触发 FindBestMatchingFunc；不能只凭 token 静默选 overload。,同一 public_operation 存在大量 overload；必须由 typed pins 或已解析 function evidence 决定。,yes,,Source/Runtime/Engine/Classes/Kismet/KismetMathLibrary.h:1417
divide,"/, divide",type_promotion,Divide,UKismetMathLibrary,Divide_VectorInt,UK2Node_PromotableOperator,ScriptMethod; CompactNodeTitle=/,TypePromotion operation 名称 + typed pins；必要时提供目标 pin category/subcategory/object 以触发 FindBestMatchingFunc；不能只凭 token 静默选 overload。,同一 public_operation 存在大量 overload；必须由 typed pins 或已解析 function evidence 决定。,yes,,Source/Runtime/Engine/Classes/Kismet/KismetMathLibrary.h:1421
divide,"/, divide",type_promotion,Divide,UKismetMathLibrary,Divide_VectorVector,UK2Node_PromotableOperator,ScriptOperator=/;/=; ScriptMethod; CompactNodeTitle=/,TypePromotion operation 名称 + typed pins；必要时提供目标 pin category/subcategory/object 以触发 FindBestMatchingFunc；不能只凭 token 静默选 overload。,同一 public_operation 存在大量 overload；必须由 typed pins 或已解析 function evidence 决定。,yes,,Source/Runtime/Engine/Classes/Kismet/KismetMathLibrary.h:1413
divide,"/, divide",type_promotion,Divide,UTimeManagementBlueprintLibrary,Divide_FrameNumberInteger,UK2Node_PromotableOperator,ScriptOperator=/;/=; ScriptMethod; CompactNodeTitle=/,TypePromotion operation 名称 + typed pins；必要时提供目标 pin category/subcategory/object 以触发 FindBestMatchingFunc；不能只凭 token 静默选 overload。,同一 public_operation 存在大量 overload；必须由 typed pins 或已解析 function evidence 决定。,yes,,Source/Runtime/TimeManagement/Public/TimeManagementBlueprintLibrary.h:90
greater,">, greater, gt",type_promotion,Greater,UKismetMathLibrary,Greater_ByteByte,UK2Node_PromotableOperator,CompactNodeTitle=>,TypePromotion operation 名称 + typed pins；必要时提供目标 pin category/subcategory/object 以触发 FindBestMatchingFunc；不能只凭 token 静默选 overload。,同一 public_operation 存在大量 overload；必须由 typed pins 或已解析 function evidence 决定。,yes,,Source/Runtime/Engine/Classes/Kismet/KismetMathLibrary.h:290
greater,">, greater, gt",type_promotion,Greater,UKismetMathLibrary,Greater_DoubleDouble,UK2Node_PromotableOperator,CompactNodeTitle=>,TypePromotion operation 名称 + typed pins；必要时提供目标 pin category/subcategory/object 以触发 FindBestMatchingFunc；不能只凭 token 静默选 overload。,同一 public_operation 存在大量 overload；必须由 typed pins 或已解析 function evidence 决定。,yes,,Source/Runtime/Engine/Classes/Kismet/KismetMathLibrary.h:572
greater,">, greater, gt",type_promotion,Greater,UKismetMathLibrary,Greater_Int64Int64,UK2Node_PromotableOperator,CompactNodeTitle=>,TypePromotion operation 名称 + typed pins；必要时提供目标 pin category/subcategory/object 以触发 FindBestMatchingFunc；不能只凭 token 静默选 overload。,同一 public_operation 存在大量 overload；必须由 typed pins 或已解析 function evidence 决定。,yes,,Source/Runtime/Engine/Classes/Kismet/KismetMathLibrary.h:441
greater,">, greater, gt",type_promotion,Greater,UKismetMathLibrary,Greater_IntInt,UK2Node_PromotableOperator,CompactNodeTitle=>,TypePromotion operation 名称 + typed pins；必要时提供目标 pin category/subcategory/object 以触发 FindBestMatchingFunc；不能只凭 token 静默选 overload。,同一 public_operation 存在大量 overload；必须由 typed pins 或已解析 function evidence 决定。,yes,,Source/Runtime/Engine/Classes/Kismet/KismetMathLibrary.h:338
greater,">, greater, gt",type_promotion,Greater,UKismetMathLibrary,Greater_TimespanTimespan,UK2Node_PromotableOperator,CompactNodeTitle=>,TypePromotion operation 名称 + typed pins；必要时提供目标 pin category/subcategory/object 以触发 FindBestMatchingFunc；不能只凭 token 静默选 overload。,同一 public_operation 存在大量 overload；必须由 typed pins 或已解析 function evidence 决定。,yes,,Source/Runtime/Engine/Classes/Kismet/KismetMathLibrary.h:3469
greater_equal,">=, greater_equal, ge",type_promotion,GreaterEqual,UKismetMathLibrary,GreaterEqual_ByteByte,UK2Node_PromotableOperator,CompactNodeTitle=>=,TypePromotion operation 名称 + typed pins；必要时提供目标 pin category/subcategory/object 以触发 FindBestMatchingFunc；不能只凭 token 静默选 overload。,同一 public_operation 存在大量 overload；必须由 typed pins 或已解析 function evidence 决定。,yes,,Source/Runtime/Engine/Classes/Kismet/KismetMathLibrary.h:298
greater_equal,">=, greater_equal, ge",type_promotion,GreaterEqual,UKismetMathLibrary,GreaterEqual_DoubleDouble,UK2Node_PromotableOperator,CompactNodeTitle=>=,TypePromotion operation 名称 + typed pins；必要时提供目标 pin category/subcategory/object 以触发 FindBestMatchingFunc；不能只凭 token 静默选 overload。,同一 public_operation 存在大量 overload；必须由 typed pins 或已解析 function evidence 决定。,yes,,Source/Runtime/Engine/Classes/Kismet/KismetMathLibrary.h:580
greater_equal,">=, greater_equal, ge",type_promotion,GreaterEqual,UKismetMathLibrary,GreaterEqual_Int64Int64,UK2Node_PromotableOperator,CompactNodeTitle=>=,TypePromotion operation 名称 + typed pins；必要时提供目标 pin category/subcategory/object 以触发 FindBestMatchingFunc；不能只凭 token 静默选 overload。,同一 public_operation 存在大量 overload；必须由 typed pins 或已解析 function evidence 决定。,yes,,Source/Runtime/Engine/Classes/Kismet/KismetMathLibrary.h:449
greater_equal,">=, greater_equal, ge",type_promotion,GreaterEqual,UKismetMathLibrary,GreaterEqual_IntInt,UK2Node_PromotableOperator,CompactNodeTitle=>=,TypePromotion operation 名称 + typed pins；必要时提供目标 pin category/subcategory/object 以触发 FindBestMatchingFunc；不能只凭 token 静默选 overload。,同一 public_operation 存在大量 overload；必须由 typed pins 或已解析 function evidence 决定。,yes,,Source/Runtime/Engine/Classes/Kismet/KismetMathLibrary.h:346
greater_equal,">=, greater_equal, ge",type_promotion,GreaterEqual,UKismetMathLibrary,GreaterEqual_TimespanTimespan,UK2Node_PromotableOperator,CompactNodeTitle=>=,TypePromotion operation 名称 + typed pins；必要时提供目标 pin category/subcategory/object 以触发 FindBestMatchingFunc；不能只凭 token 静默选 overload。,同一 public_operation 存在大量 overload；必须由 typed pins 或已解析 function evidence 决定。,yes,,Source/Runtime/Engine/Classes/Kismet/KismetMathLibrary.h:3473
less,"<, less, lt",type_promotion,Less,UKismetMathLibrary,Less_ByteByte,UK2Node_PromotableOperator,CompactNodeTitle=<,TypePromotion operation 名称 + typed pins；必要时提供目标 pin category/subcategory/object 以触发 FindBestMatchingFunc；不能只凭 token 静默选 overload。,同一 public_operation 存在大量 overload；必须由 typed pins 或已解析 function evidence 决定。,yes,,Source/Runtime/Engine/Classes/Kismet/KismetMathLibrary.h:286
less,"<, less, lt",type_promotion,Less,UKismetMathLibrary,Less_DoubleDouble,UK2Node_PromotableOperator,CompactNodeTitle=<,TypePromotion operation 名称 + typed pins；必要时提供目标 pin category/subcategory/object 以触发 FindBestMatchingFunc；不能只凭 token 静默选 overload。,同一 public_operation 存在大量 overload；必须由 typed pins 或已解析 function evidence 决定。,yes,,Source/Runtime/Engine/Classes/Kismet/KismetMathLibrary.h:568
less,"<, less, lt",type_promotion,Less,UKismetMathLibrary,Less_Int64Int64,UK2Node_PromotableOperator,CompactNodeTitle=<,TypePromotion operation 名称 + typed pins；必要时提供目标 pin category/subcategory/object 以触发 FindBestMatchingFunc；不能只凭 token 静默选 overload。,同一 public_operation 存在大量 overload；必须由 typed pins 或已解析 function evidence 决定。,yes,,Source/Runtime/Engine/Classes/Kismet/KismetMathLibrary.h:437
less,"<, less, lt",type_promotion,Less,UKismetMathLibrary,Less_IntInt,UK2Node_PromotableOperator,CompactNodeTitle=<,TypePromotion operation 名称 + typed pins；必要时提供目标 pin category/subcategory/object 以触发 FindBestMatchingFunc；不能只凭 token 静默选 overload。,同一 public_operation 存在大量 overload；必须由 typed pins 或已解析 function evidence 决定。,yes,,Source/Runtime/Engine/Classes/Kismet/KismetMathLibrary.h:334
less,"<, less, lt",type_promotion,Less,UKismetMathLibrary,Less_TimespanTimespan,UK2Node_PromotableOperator,CompactNodeTitle=<,TypePromotion operation 名称 + typed pins；必要时提供目标 pin category/subcategory/object 以触发 FindBestMatchingFunc；不能只凭 token 静默选 overload。,同一 public_operation 存在大量 overload；必须由 typed pins 或已解析 function evidence 决定。,yes,,Source/Runtime/Engine/Classes/Kismet/KismetMathLibrary.h:3477
less_equal,"<=, less_equal, le",type_promotion,LessEqual,UKismetMathLibrary,LessEqual_ByteByte,UK2Node_PromotableOperator,CompactNodeTitle=<=,TypePromotion operation 名称 + typed pins；必要时提供目标 pin category/subcategory/object 以触发 FindBestMatchingFunc；不能只凭 token 静默选 overload。,同一 public_operation 存在大量 overload；必须由 typed pins 或已解析 function evidence 决定。,yes,,Source/Runtime/Engine/Classes/Kismet/KismetMathLibrary.h:294
less_equal,"<=, less_equal, le",type_promotion,LessEqual,UKismetMathLibrary,LessEqual_DoubleDouble,UK2Node_PromotableOperator,CompactNodeTitle=<=,TypePromotion operation 名称 + typed pins；必要时提供目标 pin category/subcategory/object 以触发 FindBestMatchingFunc；不能只凭 token 静默选 overload。,同一 public_operation 存在大量 overload；必须由 typed pins 或已解析 function evidence 决定。,yes,,Source/Runtime/Engine/Classes/Kismet/KismetMathLibrary.h:576
less_equal,"<=, less_equal, le",type_promotion,LessEqual,UKismetMathLibrary,LessEqual_Int64Int64,UK2Node_PromotableOperator,CompactNodeTitle=<=,TypePromotion operation 名称 + typed pins；必要时提供目标 pin category/subcategory/object 以触发 FindBestMatchingFunc；不能只凭 token 静默选 overload。,同一 public_operation 存在大量 overload；必须由 typed pins 或已解析 function evidence 决定。,yes,,Source/Runtime/Engine/Classes/Kismet/KismetMathLibrary.h:445
less_equal,"<=, less_equal, le",type_promotion,LessEqual,UKismetMathLibrary,LessEqual_IntInt,UK2Node_PromotableOperator,CompactNodeTitle=<=,TypePromotion operation 名称 + typed pins；必要时提供目标 pin category/subcategory/object 以触发 FindBestMatchingFunc；不能只凭 token 静默选 overload。,同一 public_operation 存在大量 overload；必须由 typed pins 或已解析 function evidence 决定。,yes,,Source/Runtime/Engine/Classes/Kismet/KismetMathLibrary.h:342
less_equal,"<=, less_equal, le",type_promotion,LessEqual,UKismetMathLibrary,LessEqual_TimespanTimespan,UK2Node_PromotableOperator,CompactNodeTitle=<=,TypePromotion operation 名称 + typed pins；必要时提供目标 pin category/subcategory/object 以触发 FindBestMatchingFunc；不能只凭 token 静默选 overload。,同一 public_operation 存在大量 overload；必须由 typed pins 或已解析 function evidence 决定。,yes,,Source/Runtime/Engine/Classes/Kismet/KismetMathLibrary.h:3481
not_equal,"!=, not_equal, neq",type_promotion,NotEqual,UBlueprintGameplayTagLibrary,NotEqual_GameplayTag,UK2Node_PromotableOperator,CompactNodeTitle=!=,TypePromotion operation 名称 + typed pins；必要时提供目标 pin category/subcategory/object 以触发 FindBestMatchingFunc；不能只凭 token 静默选 overload。,同一 public_operation 存在大量 overload；必须由 typed pins 或已解析 function evidence 决定。,yes,,Source/Runtime/GameplayTags/Classes/BlueprintGameplayTagLibrary.h:48
not_equal,"!=, not_equal, neq",type_promotion,NotEqual,UBlueprintGameplayTagLibrary,NotEqual_GameplayTagContainer,UK2Node_PromotableOperator,CompactNodeTitle=!=,TypePromotion operation 名称 + typed pins；必要时提供目标 pin category/subcategory/object 以触发 FindBestMatchingFunc；不能只凭 token 静默选 overload。,同一 public_operation 存在大量 overload；必须由 typed pins 或已解析 function evidence 决定。,yes,,Source/Runtime/GameplayTags/Classes/BlueprintGameplayTagLibrary.h:183
not_equal,"!=, not_equal, neq",type_promotion,NotEqual,UBlueprintInstancedStructLibrary,NotEqual_InstancedStruct,UK2Node_PromotableOperator,CompactNodeTitle=!=,TypePromotion operation 名称 + typed pins；必要时提供目标 pin category/subcategory/object 以触发 FindBestMatchingFunc；不能只凭 token 静默选 overload。,同一 public_operation 存在大量 overload；必须由 typed pins 或已解析 function evidence 决定。,yes,,Source/Runtime/Engine/Classes/Kismet/BlueprintInstancedStructLibrary.h:70
not_equal,"!=, not_equal, neq",type_promotion,NotEqual,UInputDeviceLibrary,NotEqual_InputDeviceId,UK2Node_PromotableOperator,ScriptOperator=!=; ScriptMethod; CompactNodeTitle=!=,TypePromotion operation 名称 + typed pins；必要时提供目标 pin category/subcategory/object 以触发 FindBestMatchingFunc；不能只凭 token 静默选 overload。,同一 public_operation 存在大量 overload；必须由 typed pins 或已解析 function evidence 决定。,yes,,Source/Runtime/Engine/Classes/GameFramework/InputDeviceLibrary.h:160
not_equal,"!=, not_equal, neq",type_promotion,NotEqual,UInputDeviceLibrary,NotEqual_PlatformUserId,UK2Node_PromotableOperator,ScriptOperator=!=; ScriptMethod; CompactNodeTitle=!=,TypePromotion operation 名称 + typed pins；必要时提供目标 pin category/subcategory/object 以触发 FindBestMatchingFunc；不能只凭 token 静默选 overload。,同一 public_operation 存在大量 overload；必须由 typed pins 或已解析 function evidence 决定。,yes,,Source/Runtime/Engine/Classes/GameFramework/InputDeviceLibrary.h:152
not_equal,"!=, not_equal, neq",type_promotion,NotEqual,UKismetGuidLibrary,NotEqual_GuidGuid,UK2Node_PromotableOperator,CompactNodeTitle=!=,TypePromotion operation 名称 + typed pins；必要时提供目标 pin category/subcategory/object 以触发 FindBestMatchingFunc；不能只凭 token 静默选 overload。,同一 public_operation 存在大量 overload；必须由 typed pins 或已解析 function evidence 决定。,yes,,Source/Runtime/Engine/Classes/Kismet/KismetGuidLibrary.h:23
not_equal,"!=, not_equal, neq",type_promotion,NotEqual,UKismetMathLibrary,NotEqual_BoolBool,UK2Node_PromotableOperator,CompactNodeTitle=!=,TypePromotion operation 名称 + typed pins；必要时提供目标 pin category/subcategory/object 以触发 FindBestMatchingFunc；不能只凭 token 静默选 overload。,同一 public_operation 存在大量 overload；必须由 typed pins 或已解析 function evidence 决定。,yes,,Source/Runtime/Engine/Classes/Kismet/KismetMathLibrary.h:230
not_equal,"!=, not_equal, neq",type_promotion,NotEqual,UKismetMathLibrary,NotEqual_ByteByte,UK2Node_PromotableOperator,CompactNodeTitle=!=,TypePromotion operation 名称 + typed pins；必要时提供目标 pin category/subcategory/object 以触发 FindBestMatchingFunc；不能只凭 token 静默选 overload。,同一 public_operation 存在大量 overload；必须由 typed pins 或已解析 function evidence 决定。,yes,,Source/Runtime/Engine/Classes/Kismet/KismetMathLibrary.h:306
not_equal,"!=, not_equal, neq",type_promotion,NotEqual,UKismetMathLibrary,NotEqual_ClassClass,UK2Node_PromotableOperator,CompactNodeTitle=!=,TypePromotion operation 名称 + typed pins；必要时提供目标 pin category/subcategory/object 以触发 FindBestMatchingFunc；不能只凭 token 静默选 overload。,同一 public_operation 存在大量 overload；必须由 typed pins 或已解析 function evidence 决定。,yes,,Source/Runtime/Engine/Classes/Kismet/KismetMathLibrary.h:3898
not_equal,"!=, not_equal, neq",type_promotion,NotEqual,UKismetMathLibrary,NotEqual_DoubleDouble,UK2Node_PromotableOperator,CompactNodeTitle=!=,TypePromotion operation 名称 + typed pins；必要时提供目标 pin category/subcategory/object 以触发 FindBestMatchingFunc；不能只凭 token 静默选 overload。,同一 public_operation 存在大量 overload；必须由 typed pins 或已解析 function evidence 决定。,yes,,Source/Runtime/Engine/Classes/Kismet/KismetMathLibrary.h:592
not_equal,"!=, not_equal, neq",type_promotion,NotEqual,UKismetMathLibrary,NotEqual_Int64Int64,UK2Node_PromotableOperator,CompactNodeTitle=!=,TypePromotion operation 名称 + typed pins；必要时提供目标 pin category/subcategory/object 以触发 FindBestMatchingFunc；不能只凭 token 静默选 overload。,同一 public_operation 存在大量 overload；必须由 typed pins 或已解析 function evidence 决定。,yes,,Source/Runtime/Engine/Classes/Kismet/KismetMathLibrary.h:457
not_equal,"!=, not_equal, neq",type_promotion,NotEqual,UKismetMathLibrary,NotEqual_IntInt,UK2Node_PromotableOperator,CompactNodeTitle=!=,TypePromotion operation 名称 + typed pins；必要时提供目标 pin category/subcategory/object 以触发 FindBestMatchingFunc；不能只凭 token 静默选 overload。,同一 public_operation 存在大量 overload；必须由 typed pins 或已解析 function evidence 决定。,yes,,Source/Runtime/Engine/Classes/Kismet/KismetMathLibrary.h:354
not_equal,"!=, not_equal, neq",type_promotion,NotEqual,UKismetMathLibrary,NotEqual_IntPointIntPoint,UK2Node_PromotableOperator,ScriptOperator=!=; ScriptMethod; CompactNodeTitle=!=,TypePromotion operation 名称 + typed pins；必要时提供目标 pin category/subcategory/object 以触发 FindBestMatchingFunc；不能只凭 token 静默选 overload。,同一 public_operation 存在大量 overload；必须由 typed pins 或已解析 function evidence 决定。,yes,,Source/Runtime/Engine/Classes/Kismet/KismetMathLibrary.h:964
not_equal,"!=, not_equal, neq",type_promotion,NotEqual,UKismetMathLibrary,NotEqual_LinearColorLinearColor,UK2Node_PromotableOperator,ScriptOperator=!=; ScriptMethod; CompactNodeTitle=!=,TypePromotion operation 名称 + typed pins；必要时提供目标 pin category/subcategory/object 以触发 FindBestMatchingFunc；不能只凭 token 静默选 overload。,同一 public_operation 存在大量 overload；必须由 typed pins 或已解析 function evidence 决定。,yes,,Source/Runtime/Engine/Classes/Kismet/KismetMathLibrary.h:3194
not_equal,"!=, not_equal, neq",type_promotion,NotEqual,UKismetMathLibrary,NotEqual_MatrixMatrix,UK2Node_PromotableOperator,ScriptOperator=!=; ScriptMethod; CompactNodeTitle=!=,TypePromotion operation 名称 + typed pins；必要时提供目标 pin category/subcategory/object 以触发 FindBestMatchingFunc；不能只凭 token 静默选 overload。,同一 public_operation 存在大量 overload；必须由 typed pins 或已解析 function evidence 决定。,yes,,Source/Runtime/Engine/Classes/Kismet/KismetMathLibrary.h:2483
not_equal,"!=, not_equal, neq",type_promotion,NotEqual,UKismetMathLibrary,NotEqual_NameName,UK2Node_PromotableOperator,CompactNodeTitle=!=,TypePromotion operation 名称 + typed pins；必要时提供目标 pin category/subcategory/object 以触发 FindBestMatchingFunc；不能只凭 token 静默选 overload。,同一 public_operation 存在大量 overload；必须由 typed pins 或已解析 function evidence 决定。,yes,,Source/Runtime/Engine/Classes/Kismet/KismetMathLibrary.h:3920
not_equal,"!=, not_equal, neq",type_promotion,NotEqual,UKismetMathLibrary,NotEqual_ObjectObject,UK2Node_PromotableOperator,CompactNodeTitle=!=,TypePromotion operation 名称 + typed pins；必要时提供目标 pin category/subcategory/object 以触发 FindBestMatchingFunc；不能只凭 token 静默选 overload。,同一 public_operation 存在大量 overload；必须由 typed pins 或已解析 function evidence 决定。,yes,,Source/Runtime/Engine/Classes/Kismet/KismetMathLibrary.h:3886
not_equal,"!=, not_equal, neq",type_promotion,NotEqual,UKismetMathLibrary,NotEqual_QuatQuat,UK2Node_PromotableOperator,ScriptOperator=!=; ScriptMethod; CompactNodeTitle=!=,TypePromotion operation 名称 + typed pins；必要时提供目标 pin category/subcategory/object 以触发 FindBestMatchingFunc；不能只凭 token 静默选 overload。,同一 public_operation 存在大量 overload；必须由 typed pins 或已解析 function evidence 决定。,yes,,Source/Runtime/Engine/Classes/Kismet/KismetMathLibrary.h:2750
not_equal,"!=, not_equal, neq",type_promotion,NotEqual,UKismetMathLibrary,NotEqual_RotatorRotator,UK2Node_PromotableOperator,ScriptOperator=!=; ScriptMethod; CompactNodeTitle=!=,TypePromotion operation 名称 + typed pins；必要时提供目标 pin category/subcategory/object 以触发 FindBestMatchingFunc；不能只凭 token 静默选 overload。,同一 public_operation 存在大量 overload；必须由 typed pins 或已解析 function evidence 决定。,yes,,Source/Runtime/Engine/Classes/Kismet/KismetMathLibrary.h:2335
not_equal,"!=, not_equal, neq",type_promotion,NotEqual,UKismetMathLibrary,NotEqual_TimespanTimespan,UK2Node_PromotableOperator,CompactNodeTitle=!=,TypePromotion operation 名称 + typed pins；必要时提供目标 pin category/subcategory/object 以触发 FindBestMatchingFunc；不能只凭 token 静默选 overload。,同一 public_operation 存在大量 overload；必须由 typed pins 或已解析 function evidence 决定。,yes,,Source/Runtime/Engine/Classes/Kismet/KismetMathLibrary.h:3465
not_equal,"!=, not_equal, neq",type_promotion,NotEqual,UKismetMathLibrary,NotEqual_Vector2DVector2D,UK2Node_PromotableOperator,ScriptMethod; CompactNodeTitle=!=,TypePromotion operation 名称 + typed pins；必要时提供目标 pin category/subcategory/object 以触发 FindBestMatchingFunc；不能只凭 token 静默选 overload。,同一 public_operation 存在大量 overload；必须由 typed pins 或已解析 function evidence 决定。,yes,,Source/Runtime/Engine/Classes/Kismet/KismetMathLibrary.h:1049
not_equal,"!=, not_equal, neq",type_promotion,NotEqual,UKismetMathLibrary,NotEqual_Vector4Vector4,UK2Node_PromotableOperator,ScriptMethod; CompactNodeTitle=!=,TypePromotion operation 名称 + typed pins；必要时提供目标 pin category/subcategory/object 以触发 FindBestMatchingFunc；不能只凭 token 静默选 overload。,同一 public_operation 存在大量 overload；必须由 typed pins 或已解析 function evidence 决定。,yes,,Source/Runtime/Engine/Classes/Kismet/KismetMathLibrary.h:2114
not_equal,"!=, not_equal, neq",type_promotion,NotEqual,UKismetMathLibrary,NotEqual_VectorVector,UK2Node_PromotableOperator,ScriptMethod; CompactNodeTitle=!=,TypePromotion operation 名称 + typed pins；必要时提供目标 pin category/subcategory/object 以触发 FindBestMatchingFunc；不能只凭 token 静默选 overload。,同一 public_operation 存在大量 overload；必须由 typed pins 或已解析 function evidence 决定。,yes,,Source/Runtime/Engine/Classes/Kismet/KismetMathLibrary.h:1441
not_equal,"!=, not_equal, neq",type_promotion,NotEqual,UKismetSystemLibrary,NotEqual_PrimaryAssetId,UK2Node_PromotableOperator,ScriptOperator=!=; CompactNodeTitle=!=,TypePromotion operation 名称 + typed pins；必要时提供目标 pin category/subcategory/object 以触发 FindBestMatchingFunc；不能只凭 token 静默选 overload。,同一 public_operation 存在大量 overload；必须由 typed pins 或已解析 function evidence 决定。,yes,,Source/Runtime/Engine/Classes/Kismet/KismetSystemLibrary.h:2216
not_equal,"!=, not_equal, neq",type_promotion,NotEqual,UKismetSystemLibrary,NotEqual_PrimaryAssetType,UK2Node_PromotableOperator,ScriptOperator=!=; CompactNodeTitle=!=,TypePromotion operation 名称 + typed pins；必要时提供目标 pin category/subcategory/object 以触发 FindBestMatchingFunc；不能只凭 token 静默选 overload。,同一 public_operation 存在大量 overload；必须由 typed pins 或已解析 function evidence 决定。,yes,,Source/Runtime/Engine/Classes/Kismet/KismetSystemLibrary.h:2232
not_equal,"!=, not_equal, neq",type_promotion,NotEqual,UKismetSystemLibrary,NotEqual_SoftClassReference,UK2Node_PromotableOperator,CompactNodeTitle=!=,TypePromotion operation 名称 + typed pins；必要时提供目标 pin category/subcategory/object 以触发 FindBestMatchingFunc；不能只凭 token 静默选 overload。,同一 public_operation 存在大量 overload；必须由 typed pins 或已解析 function evidence 决定。,yes,,Source/Runtime/Engine/Classes/Kismet/KismetSystemLibrary.h:414
not_equal,"!=, not_equal, neq",type_promotion,NotEqual,UKismetSystemLibrary,NotEqual_SoftObjectReference,UK2Node_PromotableOperator,CompactNodeTitle=!=,TypePromotion operation 名称 + typed pins；必要时提供目标 pin category/subcategory/object 以触发 FindBestMatchingFunc；不能只凭 token 静默选 overload。,同一 public_operation 存在大量 overload；必须由 typed pins 或已解析 function evidence 决定。,yes,,Source/Runtime/Engine/Classes/Kismet/KismetSystemLibrary.h:390
equal,"==, equal, eq",type_promotion,EqualEqual,UBlueprintGameplayTagLibrary,EqualEqual_GameplayTag,UK2Node_PromotableOperator,CompactNodeTitle===,TypePromotion operation 名称 + typed pins；必要时提供目标 pin category/subcategory/object 以触发 FindBestMatchingFunc；不能只凭 token 静默选 overload。,同一 public_operation 存在大量 overload；必须由 typed pins 或已解析 function evidence 决定。,yes,,Source/Runtime/GameplayTags/Classes/BlueprintGameplayTagLibrary.h:44
equal,"==, equal, eq",type_promotion,EqualEqual,UBlueprintGameplayTagLibrary,EqualEqual_GameplayTagContainer,UK2Node_PromotableOperator,CompactNodeTitle===,TypePromotion operation 名称 + typed pins；必要时提供目标 pin category/subcategory/object 以触发 FindBestMatchingFunc；不能只凭 token 静默选 overload。,同一 public_operation 存在大量 overload；必须由 typed pins 或已解析 function evidence 决定。,yes,,Source/Runtime/GameplayTags/Classes/BlueprintGameplayTagLibrary.h:179
equal,"==, equal, eq",type_promotion,EqualEqual,UBlueprintInstancedStructLibrary,EqualEqual_InstancedStruct,UK2Node_PromotableOperator,CompactNodeTitle===,TypePromotion operation 名称 + typed pins；必要时提供目标 pin category/subcategory/object 以触发 FindBestMatchingFunc；不能只凭 token 静默选 overload。,同一 public_operation 存在大量 overload；必须由 typed pins 或已解析 function evidence 决定。,yes,,Source/Runtime/Engine/Classes/Kismet/BlueprintInstancedStructLibrary.h:64
equal,"==, equal, eq",type_promotion,EqualEqual,UInputDeviceLibrary,EqualEqual_InputDeviceId,UK2Node_PromotableOperator,ScriptOperator===; ScriptMethod; CompactNodeTitle===,TypePromotion operation 名称 + typed pins；必要时提供目标 pin category/subcategory/object 以触发 FindBestMatchingFunc；不能只凭 token 静默选 overload。,同一 public_operation 存在大量 overload；必须由 typed pins 或已解析 function evidence 决定。,yes,,Source/Runtime/Engine/Classes/GameFramework/InputDeviceLibrary.h:156
equal,"==, equal, eq",type_promotion,EqualEqual,UInputDeviceLibrary,EqualEqual_PlatformUserId,UK2Node_PromotableOperator,ScriptOperator===; ScriptMethod; CompactNodeTitle===,TypePromotion operation 名称 + typed pins；必要时提供目标 pin category/subcategory/object 以触发 FindBestMatchingFunc；不能只凭 token 静默选 overload。,同一 public_operation 存在大量 overload；必须由 typed pins 或已解析 function evidence 决定。,yes,,Source/Runtime/Engine/Classes/GameFramework/InputDeviceLibrary.h:148
equal,"==, equal, eq",type_promotion,EqualEqual,UKismetGuidLibrary,EqualEqual_GuidGuid,UK2Node_PromotableOperator,CompactNodeTitle===,TypePromotion operation 名称 + typed pins；必要时提供目标 pin category/subcategory/object 以触发 FindBestMatchingFunc；不能只凭 token 静默选 overload。,同一 public_operation 存在大量 overload；必须由 typed pins 或已解析 function evidence 决定。,yes,,Source/Runtime/Engine/Classes/Kismet/KismetGuidLibrary.h:19
equal,"==, equal, eq",type_promotion,EqualEqual,UKismetInputLibrary,EqualEqual_InputChordInputChord,UK2Node_PromotableOperator,CompactNodeTitle===,TypePromotion operation 名称 + typed pins；必要时提供目标 pin category/subcategory/object 以触发 FindBestMatchingFunc；不能只凭 token 静默选 overload。,同一 public_operation 存在大量 overload；必须由 typed pins 或已解析 function evidence 决定。,yes,,Source/Runtime/Engine/Classes/Kismet/KismetInputLibrary.h:63
equal,"==, equal, eq",type_promotion,EqualEqual,UKismetInputLibrary,EqualEqual_KeyKey,UK2Node_PromotableOperator,CompactNodeTitle===,TypePromotion operation 名称 + typed pins；必要时提供目标 pin category/subcategory/object 以触发 FindBestMatchingFunc；不能只凭 token 静默选 overload。,同一 public_operation 存在大量 overload；必须由 typed pins 或已解析 function evidence 决定。,yes,,Source/Runtime/Engine/Classes/Kismet/KismetInputLibrary.h:54
equal,"==, equal, eq",type_promotion,EqualEqual,UKismetMathLibrary,EqualEqual_BoolBool,UK2Node_PromotableOperator,CompactNodeTitle===,TypePromotion operation 名称 + typed pins；必要时提供目标 pin category/subcategory/object 以触发 FindBestMatchingFunc；不能只凭 token 静默选 overload。,同一 public_operation 存在大量 overload；必须由 typed pins 或已解析 function evidence 决定。,yes,,Source/Runtime/Engine/Classes/Kismet/KismetMathLibrary.h:226
equal,"==, equal, eq",type_promotion,EqualEqual,UKismetMathLibrary,EqualEqual_ByteByte,UK2Node_PromotableOperator,CompactNodeTitle===,TypePromotion operation 名称 + typed pins；必要时提供目标 pin category/subcategory/object 以触发 FindBestMatchingFunc；不能只凭 token 静默选 overload。,同一 public_operation 存在大量 overload；必须由 typed pins 或已解析 function evidence 决定。,yes,,Source/Runtime/Engine/Classes/Kismet/KismetMathLibrary.h:302
equal,"==, equal, eq",type_promotion,EqualEqual,UKismetMathLibrary,EqualEqual_ClassClass,UK2Node_PromotableOperator,CompactNodeTitle===,TypePromotion operation 名称 + typed pins；必要时提供目标 pin category/subcategory/object 以触发 FindBestMatchingFunc；不能只凭 token 静默选 overload。,同一 public_operation 存在大量 overload；必须由 typed pins 或已解析 function evidence 决定。,yes,,Source/Runtime/Engine/Classes/Kismet/KismetMathLibrary.h:3894
equal,"==, equal, eq",type_promotion,EqualEqual,UKismetMathLibrary,EqualEqual_DoubleDouble,UK2Node_PromotableOperator,CompactNodeTitle===,TypePromotion operation 名称 + typed pins；必要时提供目标 pin category/subcategory/object 以触发 FindBestMatchingFunc；不能只凭 token 静默选 overload。,同一 public_operation 存在大量 overload；必须由 typed pins 或已解析 function evidence 决定。,yes,,Source/Runtime/Engine/Classes/Kismet/KismetMathLibrary.h:584
equal,"==, equal, eq",type_promotion,EqualEqual,UKismetMathLibrary,EqualEqual_Int64Int64,UK2Node_PromotableOperator,CompactNodeTitle===,TypePromotion operation 名称 + typed pins；必要时提供目标 pin category/subcategory/object 以触发 FindBestMatchingFunc；不能只凭 token 静默选 overload。,同一 public_operation 存在大量 overload；必须由 typed pins 或已解析 function evidence 决定。,yes,,Source/Runtime/Engine/Classes/Kismet/KismetMathLibrary.h:453
equal,"==, equal, eq",type_promotion,EqualEqual,UKismetMathLibrary,EqualEqual_IntInt,UK2Node_PromotableOperator,CompactNodeTitle===,TypePromotion operation 名称 + typed pins；必要时提供目标 pin category/subcategory/object 以触发 FindBestMatchingFunc；不能只凭 token 静默选 overload。,同一 public_operation 存在大量 overload；必须由 typed pins 或已解析 function evidence 决定。,yes,,Source/Runtime/Engine/Classes/Kismet/KismetMathLibrary.h:350
equal,"==, equal, eq",type_promotion,EqualEqual,UKismetMathLibrary,EqualEqual_LinearColorLinearColor,UK2Node_PromotableOperator,ScriptOperator===; ScriptMethod; CompactNodeTitle===,TypePromotion operation 名称 + typed pins；必要时提供目标 pin category/subcategory/object 以触发 FindBestMatchingFunc；不能只凭 token 静默选 overload。,同一 public_operation 存在大量 overload；必须由 typed pins 或已解析 function evidence 决定。,yes,,Source/Runtime/Engine/Classes/Kismet/KismetMathLibrary.h:3190
equal,"==, equal, eq",type_promotion,EqualEqual,UKismetMathLibrary,EqualEqual_MatrixMatrix,UK2Node_PromotableOperator,ScriptOperator===; ScriptMethod; CompactNodeTitle===,TypePromotion operation 名称 + typed pins；必要时提供目标 pin category/subcategory/object 以触发 FindBestMatchingFunc；不能只凭 token 静默选 overload。,同一 public_operation 存在大量 overload；必须由 typed pins 或已解析 function evidence 决定。,yes,,Source/Runtime/Engine/Classes/Kismet/KismetMathLibrary.h:2474
equal,"==, equal, eq",type_promotion,EqualEqual,UKismetMathLibrary,EqualEqual_NameName,UK2Node_PromotableOperator,CompactNodeTitle===,TypePromotion operation 名称 + typed pins；必要时提供目标 pin category/subcategory/object 以触发 FindBestMatchingFunc；不能只凭 token 静默选 overload。,同一 public_operation 存在大量 overload；必须由 typed pins 或已解析 function evidence 决定。,yes,,Source/Runtime/Engine/Classes/Kismet/KismetMathLibrary.h:3916
equal,"==, equal, eq",type_promotion,EqualEqual,UKismetMathLibrary,EqualEqual_ObjectObject,UK2Node_PromotableOperator,CompactNodeTitle===,TypePromotion operation 名称 + typed pins；必要时提供目标 pin category/subcategory/object 以触发 FindBestMatchingFunc；不能只凭 token 静默选 overload。,同一 public_operation 存在大量 overload；必须由 typed pins 或已解析 function evidence 决定。,yes,,Source/Runtime/Engine/Classes/Kismet/KismetMathLibrary.h:3882
equal,"==, equal, eq",type_promotion,EqualEqual,UKismetMathLibrary,EqualEqual_QuatQuat,UK2Node_PromotableOperator,ScriptOperator===; ScriptMethod; CompactNodeTitle===,TypePromotion operation 名称 + typed pins；必要时提供目标 pin category/subcategory/object 以触发 FindBestMatchingFunc；不能只凭 token 静默选 overload。,同一 public_operation 存在大量 overload；必须由 typed pins 或已解析 function evidence 决定。,yes,,Source/Runtime/Engine/Classes/Kismet/KismetMathLibrary.h:2746
equal,"==, equal, eq",type_promotion,EqualEqual,UKismetMathLibrary,EqualEqual_RotatorRotator,UK2Node_PromotableOperator,ScriptOperator===; ScriptMethod; CompactNodeTitle===,TypePromotion operation 名称 + typed pins；必要时提供目标 pin category/subcategory/object 以触发 FindBestMatchingFunc；不能只凭 token 静默选 overload。,同一 public_operation 存在大量 overload；必须由 typed pins 或已解析 function evidence 决定。,yes,,Source/Runtime/Engine/Classes/Kismet/KismetMathLibrary.h:2331
equal,"==, equal, eq",type_promotion,EqualEqual,UKismetMathLibrary,EqualEqual_TimespanTimespan,UK2Node_PromotableOperator,CompactNodeTitle===,TypePromotion operation 名称 + typed pins；必要时提供目标 pin category/subcategory/object 以触发 FindBestMatchingFunc；不能只凭 token 静默选 overload。,同一 public_operation 存在大量 overload；必须由 typed pins 或已解析 function evidence 决定。,yes,,Source/Runtime/Engine/Classes/Kismet/KismetMathLibrary.h:3461
equal,"==, equal, eq",type_promotion,EqualEqual,UKismetMathLibrary,EqualEqual_TransformTransform,UK2Node_PromotableOperator,ScriptOperator===; ScriptMethod; CompactNodeTitle===,TypePromotion operation 名称 + typed pins；必要时提供目标 pin category/subcategory/object 以触发 FindBestMatchingFunc；不能只凭 token 静默选 overload。,同一 public_operation 存在大量 overload；必须由 typed pins 或已解析 function evidence 决定。,yes,,Source/Runtime/Engine/Classes/Kismet/KismetMathLibrary.h:3937
equal,"==, equal, eq",type_promotion,EqualEqual,UKismetMathLibrary,EqualEqual_Vector2DVector2D,UK2Node_PromotableOperator,ScriptMethod; CompactNodeTitle===,TypePromotion operation 名称 + typed pins；必要时提供目标 pin category/subcategory/object 以触发 FindBestMatchingFunc；不能只凭 token 静默选 overload。,同一 public_operation 存在大量 overload；必须由 typed pins 或已解析 function evidence 决定。,yes,,Source/Runtime/Engine/Classes/Kismet/KismetMathLibrary.h:1041
equal,"==, equal, eq",type_promotion,EqualEqual,UKismetMathLibrary,EqualEqual_Vector4Vector4,UK2Node_PromotableOperator,ScriptMethod; CompactNodeTitle===,TypePromotion operation 名称 + typed pins；必要时提供目标 pin category/subcategory/object 以触发 FindBestMatchingFunc；不能只凭 token 静默选 overload。,同一 public_operation 存在大量 overload；必须由 typed pins 或已解析 function evidence 决定。,yes,,Source/Runtime/Engine/Classes/Kismet/KismetMathLibrary.h:2106
equal,"==, equal, eq",type_promotion,EqualEqual,UKismetMathLibrary,EqualEqual_VectorVector,UK2Node_PromotableOperator,ScriptMethod; CompactNodeTitle===,TypePromotion operation 名称 + typed pins；必要时提供目标 pin category/subcategory/object 以触发 FindBestMatchingFunc；不能只凭 token 静默选 overload。,同一 public_operation 存在大量 overload；必须由 typed pins 或已解析 function evidence 决定。,yes,,Source/Runtime/Engine/Classes/Kismet/KismetMathLibrary.h:1433
equal,"==, equal, eq",type_promotion,EqualEqual,UKismetSystemLibrary,EqualEqual_PrimaryAssetId,UK2Node_PromotableOperator,ScriptOperator===; CompactNodeTitle===,TypePromotion operation 名称 + typed pins；必要时提供目标 pin category/subcategory/object 以触发 FindBestMatchingFunc；不能只凭 token 静默选 overload。,同一 public_operation 存在大量 overload；必须由 typed pins 或已解析 function evidence 决定。,yes,,Source/Runtime/Engine/Classes/Kismet/KismetSystemLibrary.h:2212
equal,"==, equal, eq",type_promotion,EqualEqual,UKismetSystemLibrary,EqualEqual_PrimaryAssetType,UK2Node_PromotableOperator,ScriptOperator===; CompactNodeTitle===,TypePromotion operation 名称 + typed pins；必要时提供目标 pin category/subcategory/object 以触发 FindBestMatchingFunc；不能只凭 token 静默选 overload。,同一 public_operation 存在大量 overload；必须由 typed pins 或已解析 function evidence 决定。,yes,,Source/Runtime/Engine/Classes/Kismet/KismetSystemLibrary.h:2228
equal,"==, equal, eq",type_promotion,EqualEqual,UKismetSystemLibrary,EqualEqual_SoftClassReference,UK2Node_PromotableOperator,CompactNodeTitle===,TypePromotion operation 名称 + typed pins；必要时提供目标 pin category/subcategory/object 以触发 FindBestMatchingFunc；不能只凭 token 静默选 overload。,同一 public_operation 存在大量 overload；必须由 typed pins 或已解析 function evidence 决定。,yes,,Source/Runtime/Engine/Classes/Kismet/KismetSystemLibrary.h:410
equal,"==, equal, eq",type_promotion,EqualEqual,UKismetSystemLibrary,EqualEqual_SoftObjectReference,UK2Node_PromotableOperator,CompactNodeTitle===,TypePromotion operation 名称 + typed pins；必要时提供目标 pin category/subcategory/object 以触发 FindBestMatchingFunc；不能只凭 token 静默选 overload。,同一 public_operation 存在大量 overload；必须由 typed pins 或已解析 function evidence 决定。,yes,,Source/Runtime/Engine/Classes/Kismet/KismetSystemLibrary.h:386
equal,"==, equal, eq",type_promotion,EqualEqual,USlateBlueprintLibrary,EqualEqual_SlateBrush,UK2Node_PromotableOperator,CompactNodeTitle===,TypePromotion operation 名称 + typed pins；必要时提供目标 pin category/subcategory/object 以触发 FindBestMatchingFunc；不能只凭 token 静默选 overload。,同一 public_operation 存在大量 overload；必须由 typed pins 或已解析 function evidence 决定。,no,排除：Slate/UMG UI 语义；不作为纯 GraphWrite op；如需 UMG 画刷比较需单独讨论 UMG/Slate 能力边界。,Source/Runtime/UMG/Public/Blueprint/SlateBlueprintLibrary.h:97
bitwise_and,"&, bitwise_and, and",commutative_function,,UKismetMathLibrary,And_Int64Int64,UK2Node_CommutativeAssociativeBinaryOperator,CommutativeAssociativeBinaryOperator=true; CompactNodeTitle=&,stable function id（owner_class + function_name）+ graph capability + 输入 pin 类型；可变输入 pin 使用 UK2Node_CommutativeAssociativeBinaryOperator。,同名 token 需按 owner_class、function_name 和 pin 类型区分；可扩展输入 pin 只用于 commutative 节点。,yes,,Source/Runtime/Engine/Classes/Kismet/KismetMathLibrary.h:468
bitwise_and,"&, bitwise_and, and",commutative_function,,UKismetMathLibrary,And_IntInt,UK2Node_CommutativeAssociativeBinaryOperator,CommutativeAssociativeBinaryOperator=true; CompactNodeTitle=&,stable function id（owner_class + function_name）+ graph capability + 输入 pin 类型；可变输入 pin 使用 UK2Node_CommutativeAssociativeBinaryOperator。,同名 token 需按 owner_class、function_name 和 pin 类型区分；可扩展输入 pin 只用于 commutative 节点。,yes,,Source/Runtime/Engine/Classes/Kismet/KismetMathLibrary.h:365
bitwise_or,"|, bitwise_or, or",commutative_function,,UKismetMathLibrary,Or_Int64Int64,UK2Node_CommutativeAssociativeBinaryOperator,CommutativeAssociativeBinaryOperator=true; CompactNodeTitle=|,stable function id（owner_class + function_name）+ graph capability + 输入 pin 类型；可变输入 pin 使用 UK2Node_CommutativeAssociativeBinaryOperator。,同名 token 需按 owner_class、function_name 和 pin 类型区分；可扩展输入 pin 只用于 commutative 节点。,yes,,Source/Runtime/Engine/Classes/Kismet/KismetMathLibrary.h:476
bitwise_or,"|, bitwise_or, or",commutative_function,,UKismetMathLibrary,Or_IntInt,UK2Node_CommutativeAssociativeBinaryOperator,CommutativeAssociativeBinaryOperator=true; CompactNodeTitle=|,stable function id（owner_class + function_name）+ graph capability + 输入 pin 类型；可变输入 pin 使用 UK2Node_CommutativeAssociativeBinaryOperator。,同名 token 需按 owner_class、function_name 和 pin 类型区分；可扩展输入 pin 只用于 commutative 节点。,yes,,Source/Runtime/Engine/Classes/Kismet/KismetMathLibrary.h:373
boolean_and,"AND, &&, and",commutative_function,,UKismetMathLibrary,BooleanAND,UK2Node_CommutativeAssociativeBinaryOperator,CommutativeAssociativeBinaryOperator=true; CompactNodeTitle=AND,stable function id（owner_class + function_name）+ graph capability + 输入 pin 类型；可变输入 pin 使用 UK2Node_CommutativeAssociativeBinaryOperator。,同名 token 需按 owner_class、function_name 和 pin 类型区分；可扩展输入 pin 只用于 commutative 节点。,yes,,Source/Runtime/Engine/Classes/Kismet/KismetMathLibrary.h:234
boolean_nand,"NAND, nand",commutative_function,,UKismetMathLibrary,BooleanNAND,UK2Node_CommutativeAssociativeBinaryOperator,CommutativeAssociativeBinaryOperator=true; CompactNodeTitle=NAND,stable function id（owner_class + function_name）+ graph capability + 输入 pin 类型；可变输入 pin 使用 UK2Node_CommutativeAssociativeBinaryOperator。,同名 token 需按 owner_class、function_name 和 pin 类型区分；可扩展输入 pin 只用于 commutative 节点。,yes,,Source/Runtime/Engine/Classes/Kismet/KismetMathLibrary.h:238
boolean_or,"OR, ||, or",commutative_function,,UKismetMathLibrary,BooleanOR,UK2Node_CommutativeAssociativeBinaryOperator,CommutativeAssociativeBinaryOperator=true; CompactNodeTitle=OR,stable function id（owner_class + function_name）+ graph capability + 输入 pin 类型；可变输入 pin 使用 UK2Node_CommutativeAssociativeBinaryOperator。,同名 token 需按 owner_class、function_name 和 pin 类型区分；可扩展输入 pin 只用于 commutative 节点。,yes,,Source/Runtime/Engine/Classes/Kismet/KismetMathLibrary.h:242
max,"MAX, max",commutative_function,,UKismetMathLibrary,BMax,UK2Node_CommutativeAssociativeBinaryOperator,CommutativeAssociativeBinaryOperator=true; CompactNodeTitle=MAX,stable function id（owner_class + function_name）+ graph capability + 输入 pin 类型；可变输入 pin 使用 UK2Node_CommutativeAssociativeBinaryOperator。,同名 token 需按 owner_class、function_name 和 pin 类型区分；可扩展输入 pin 只用于 commutative 节点。,yes,,Source/Runtime/Engine/Classes/Kismet/KismetMathLibrary.h:282
max,"MAX, max",commutative_function,,UKismetMathLibrary,FMax,UK2Node_CommutativeAssociativeBinaryOperator,CommutativeAssociativeBinaryOperator=true; CompactNodeTitle=MAX,stable function id（owner_class + function_name）+ graph capability + 输入 pin 类型；可变输入 pin 使用 UK2Node_CommutativeAssociativeBinaryOperator。,同名 token 需按 owner_class、function_name 和 pin 类型区分；可扩展输入 pin 只用于 commutative 节点。,yes,,Source/Runtime/Engine/Classes/Kismet/KismetMathLibrary.h:733
max,"MAX, max",commutative_function,,UKismetMathLibrary,Max,UK2Node_CommutativeAssociativeBinaryOperator,CommutativeAssociativeBinaryOperator=true; CompactNodeTitle=MAX,stable function id（owner_class + function_name）+ graph capability + 输入 pin 类型；可变输入 pin 使用 UK2Node_CommutativeAssociativeBinaryOperator。,同名 token 需按 owner_class、function_name 和 pin 类型区分；可扩展输入 pin 只用于 commutative 节点。,yes,,Source/Runtime/Engine/Classes/Kismet/KismetMathLibrary.h:397
max,"MAX, max",commutative_function,,UKismetMathLibrary,MaxInt64,UK2Node_CommutativeAssociativeBinaryOperator,CommutativeAssociativeBinaryOperator=true; CompactNodeTitle=MAX,stable function id（owner_class + function_name）+ graph capability + 输入 pin 类型；可变输入 pin 使用 UK2Node_CommutativeAssociativeBinaryOperator。,同名 token 需按 owner_class、function_name 和 pin 类型区分；可扩展输入 pin 只用于 commutative 节点。,yes,,Source/Runtime/Engine/Classes/Kismet/KismetMathLibrary.h:500
min,"MIN, min",commutative_function,,UKismetMathLibrary,BMin,UK2Node_CommutativeAssociativeBinaryOperator,CommutativeAssociativeBinaryOperator=true; CompactNodeTitle=MIN,stable function id（owner_class + function_name）+ graph capability + 输入 pin 类型；可变输入 pin 使用 UK2Node_CommutativeAssociativeBinaryOperator。,同名 token 需按 owner_class、function_name 和 pin 类型区分；可扩展输入 pin 只用于 commutative 节点。,yes,,Source/Runtime/Engine/Classes/Kismet/KismetMathLibrary.h:278
min,"MIN, min",commutative_function,,UKismetMathLibrary,FMin,UK2Node_CommutativeAssociativeBinaryOperator,CommutativeAssociativeBinaryOperator=true; CompactNodeTitle=MIN,stable function id（owner_class + function_name）+ graph capability + 输入 pin 类型；可变输入 pin 使用 UK2Node_CommutativeAssociativeBinaryOperator。,同名 token 需按 owner_class、function_name 和 pin 类型区分；可扩展输入 pin 只用于 commutative 节点。,yes,,Source/Runtime/Engine/Classes/Kismet/KismetMathLibrary.h:729
min,"MIN, min",commutative_function,,UKismetMathLibrary,Min,UK2Node_CommutativeAssociativeBinaryOperator,CommutativeAssociativeBinaryOperator=true; CompactNodeTitle=MIN,stable function id（owner_class + function_name）+ graph capability + 输入 pin 类型；可变输入 pin 使用 UK2Node_CommutativeAssociativeBinaryOperator。,同名 token 需按 owner_class、function_name 和 pin 类型区分；可扩展输入 pin 只用于 commutative 节点。,yes,,Source/Runtime/Engine/Classes/Kismet/KismetMathLibrary.h:393
min,"MIN, min",commutative_function,,UKismetMathLibrary,MinInt64,UK2Node_CommutativeAssociativeBinaryOperator,CommutativeAssociativeBinaryOperator=true; CompactNodeTitle=MIN,stable function id（owner_class + function_name）+ graph capability + 输入 pin 类型；可变输入 pin 使用 UK2Node_CommutativeAssociativeBinaryOperator。,同名 token 需按 owner_class、function_name 和 pin 类型区分；可扩展输入 pin 只用于 commutative 节点。,yes,,Source/Runtime/Engine/Classes/Kismet/KismetMathLibrary.h:496
string_append,"append, concat, +",commutative_function,,UKismetStringLibrary,Concat_StrStr,UK2Node_CommutativeAssociativeBinaryOperator,CommutativeAssociativeBinaryOperator=true,stable function id（owner_class + function_name）+ graph capability + 输入 pin 类型；可变输入 pin 使用 UK2Node_CommutativeAssociativeBinaryOperator。,同名 token 需按 owner_class、function_name 和 pin 类型区分；可扩展输入 pin 只用于 commutative 节点。,yes,,Source/Runtime/Engine/Classes/Kismet/KismetStringLibrary.h:286
abs,"ABS, abs",call_function_compact,,UKismetMathLibrary,Abs,UK2Node_CallFunction,CompactNodeTitle=ABS,stable function id（owner_class + function_name）+ callable evidence + graph capability；CompactNodeTitle/ScriptOperator 只作为显示/别名证据。,CompactNodeTitle 只是 UI token；多候选时要求 stable function id 或完整 pin 类型。,yes,,Source/Runtime/Engine/Classes/Kismet/KismetMathLibrary.h:615
abs,"ABS, abs",call_function_compact,,UKismetMathLibrary,Abs_Int,UK2Node_CallFunction,CompactNodeTitle=ABS,stable function id（owner_class + function_name）+ callable evidence + graph capability；CompactNodeTitle/ScriptOperator 只作为显示/别名证据。,CompactNodeTitle 只是 UI token；多候选时要求 stable function id 或完整 pin 类型。,yes,,Source/Runtime/Engine/Classes/Kismet/KismetMathLibrary.h:409
abs,"ABS, abs",call_function_compact,,UKismetMathLibrary,Abs_Int64,UK2Node_CallFunction,CompactNodeTitle=ABS,stable function id（owner_class + function_name）+ callable evidence + graph capability；CompactNodeTitle/ScriptOperator 只作为显示/别名证据。,CompactNodeTitle 只是 UI token；多候选时要求 stable function id 或完整 pin 类型。,yes,,Source/Runtime/Engine/Classes/Kismet/KismetMathLibrary.h:508
bitwise_not,"~, bitwise_not, not",call_function_compact,,UKismetMathLibrary,Not_Int,UK2Node_CallFunction,CompactNodeTitle=~,stable function id（owner_class + function_name）+ callable evidence + graph capability；CompactNodeTitle/ScriptOperator 只作为显示/别名证据。,CompactNodeTitle 只是 UI token；多候选时要求 stable function id 或完整 pin 类型。,yes,,Source/Runtime/Engine/Classes/Kismet/KismetMathLibrary.h:377
bitwise_not,"~, bitwise_not, not",call_function_compact,,UKismetMathLibrary,Not_Int64,UK2Node_CallFunction,CompactNodeTitle=~,stable function id（owner_class + function_name）+ callable evidence + graph capability；CompactNodeTitle/ScriptOperator 只作为显示/别名证据。,CompactNodeTitle 只是 UI token；多候选时要求 stable function id 或完整 pin 类型。,yes,,Source/Runtime/Engine/Classes/Kismet/KismetMathLibrary.h:480
bitwise_xor,"^, bitwise_xor, xor",call_function_compact,,UKismetMathLibrary,Xor_Int64Int64,UK2Node_CallFunction,CompactNodeTitle=^,stable function id（owner_class + function_name）+ callable evidence + graph capability；CompactNodeTitle/ScriptOperator 只作为显示/别名证据。,CompactNodeTitle 只是 UI token；多候选时要求 stable function id 或完整 pin 类型。,yes,,Source/Runtime/Engine/Classes/Kismet/KismetMathLibrary.h:472
bitwise_xor,"^, bitwise_xor, xor",call_function_compact,,UKismetMathLibrary,Xor_IntInt,UK2Node_CallFunction,CompactNodeTitle=^,stable function id（owner_class + function_name）+ callable evidence + graph capability；CompactNodeTitle/ScriptOperator 只作为显示/别名证据。,CompactNodeTitle 只是 UI token；多候选时要求 stable function id 或完整 pin 类型。,yes,,Source/Runtime/Engine/Classes/Kismet/KismetMathLibrary.h:369
boolean_nor,"NOR, nor",call_function_compact,,UKismetMathLibrary,BooleanNOR,UK2Node_CallFunction,CompactNodeTitle=NOR,stable function id（owner_class + function_name）+ callable evidence + graph capability；CompactNodeTitle/ScriptOperator 只作为显示/别名证据。,CompactNodeTitle 只是 UI token；多候选时要求 stable function id 或完整 pin 类型。,yes,,Source/Runtime/Engine/Classes/Kismet/KismetMathLibrary.h:250
boolean_not,"NOT, !, not",call_function_compact,,UKismetMathLibrary,Not_PreBool,UK2Node_CallFunction,CompactNodeTitle=NOT,stable function id（owner_class + function_name）+ callable evidence + graph capability；CompactNodeTitle/ScriptOperator 只作为显示/别名证据。,CompactNodeTitle 只是 UI token；多候选时要求 stable function id 或完整 pin 类型。,yes,,Source/Runtime/Engine/Classes/Kismet/KismetMathLibrary.h:222
boolean_xor,"XOR, xor",call_function_compact,,UKismetMathLibrary,BooleanXOR,UK2Node_CallFunction,CompactNodeTitle=XOR,stable function id（owner_class + function_name）+ callable evidence + graph capability；CompactNodeTitle/ScriptOperator 只作为显示/别名证据。,CompactNodeTitle 只是 UI token；多候选时要求 stable function id 或完整 pin 类型。,yes,,Source/Runtime/Engine/Classes/Kismet/KismetMathLibrary.h:246
cross,"cross, ^, cross_product",call_function_compact,,UKismetMathLibrary,CrossProduct2D,UK2Node_CallFunction,ScriptOperator=^; ScriptMethod; CompactNodeTitle=cross,stable function id（owner_class + function_name）+ callable evidence + graph capability；CompactNodeTitle/ScriptOperator 只作为显示/别名证据。,CompactNodeTitle 只是 UI token；多候选时要求 stable function id 或完整 pin 类型。,yes,,Source/Runtime/Engine/Classes/Kismet/KismetMathLibrary.h:1073
cross,"cross, ^, cross_product",call_function_compact,,UKismetMathLibrary,Cross_VectorVector,UK2Node_CallFunction,ScriptOperator=^; ScriptMethod; CompactNodeTitle=cross,stable function id（owner_class + function_name）+ callable evidence + graph capability；CompactNodeTitle/ScriptOperator 只作为显示/别名证据。,CompactNodeTitle 只是 UI token；多候选时要求 stable function id 或完整 pin 类型。,yes,,Source/Runtime/Engine/Classes/Kismet/KismetMathLibrary.h:1449
cross3,"cross3, cross_product_xyz",call_function_compact,,UKismetMathLibrary,Vector4_CrossProduct3,UK2Node_CallFunction,ScriptMethod; CompactNodeTitle=cross3,stable function id（owner_class + function_name）+ callable evidence + graph capability；CompactNodeTitle/ScriptOperator 只作为显示/别名证据。,CompactNodeTitle 只是 UI token；多候选时要求 stable function id 或完整 pin 类型。,yes,,Source/Runtime/Engine/Classes/Kismet/KismetMathLibrary.h:2141
datetime_add_datetime,"+, add",call_function_compact,,UKismetMathLibrary,Add_DateTimeDateTime,UK2Node_CallFunction,IgnoreTypePromotion; CompactNodeTitle=+,stable function id（owner_class + function_name）+ callable evidence + graph capability；CompactNodeTitle/ScriptOperator 只作为显示/别名证据。,CompactNodeTitle 只是 UI token；多候选时要求 stable function id 或完整 pin 类型。,yes,,Source/Runtime/Engine/Classes/Kismet/KismetMathLibrary.h:3257
datetime_add_timespan,"+, add",call_function_compact,,UKismetMathLibrary,Add_DateTimeTimespan,UK2Node_CallFunction,IgnoreTypePromotion; CompactNodeTitle=+,stable function id（owner_class + function_name）+ callable evidence + graph capability；CompactNodeTitle/ScriptOperator 只作为显示/别名证据。,CompactNodeTitle 只是 UI token；多候选时要求 stable function id 或完整 pin 类型。,yes,,Source/Runtime/Engine/Classes/Kismet/KismetMathLibrary.h:3249
datetime_equal,"==, equal",call_function_compact,,UKismetMathLibrary,EqualEqual_DateTimeDateTime,UK2Node_CallFunction,IgnoreTypePromotion; CompactNodeTitle===,stable function id（owner_class + function_name）+ callable evidence + graph capability；CompactNodeTitle/ScriptOperator 只作为显示/别名证据。,CompactNodeTitle 只是 UI token；多候选时要求 stable function id 或完整 pin 类型。,yes,,Source/Runtime/Engine/Classes/Kismet/KismetMathLibrary.h:3265
datetime_greater,">, greater",call_function_compact,,UKismetMathLibrary,Greater_DateTimeDateTime,UK2Node_CallFunction,IgnoreTypePromotion; CompactNodeTitle=>,stable function id（owner_class + function_name）+ callable evidence + graph capability；CompactNodeTitle/ScriptOperator 只作为显示/别名证据。,CompactNodeTitle 只是 UI token；多候选时要求 stable function id 或完整 pin 类型。,yes,,Source/Runtime/Engine/Classes/Kismet/KismetMathLibrary.h:3273
datetime_greater_equal,">=, greater_equal",call_function_compact,,UKismetMathLibrary,GreaterEqual_DateTimeDateTime,UK2Node_CallFunction,IgnoreTypePromotion; CompactNodeTitle=>=,stable function id（owner_class + function_name）+ callable evidence + graph capability；CompactNodeTitle/ScriptOperator 只作为显示/别名证据。,CompactNodeTitle 只是 UI token；多候选时要求 stable function id 或完整 pin 类型。,yes,,Source/Runtime/Engine/Classes/Kismet/KismetMathLibrary.h:3277
datetime_less,"<, less",call_function_compact,,UKismetMathLibrary,Less_DateTimeDateTime,UK2Node_CallFunction,IgnoreTypePromotion; CompactNodeTitle=<,stable function id（owner_class + function_name）+ callable evidence + graph capability；CompactNodeTitle/ScriptOperator 只作为显示/别名证据。,CompactNodeTitle 只是 UI token；多候选时要求 stable function id 或完整 pin 类型。,yes,,Source/Runtime/Engine/Classes/Kismet/KismetMathLibrary.h:3281
datetime_less_equal,"<=, less_equal",call_function_compact,,UKismetMathLibrary,LessEqual_DateTimeDateTime,UK2Node_CallFunction,IgnoreTypePromotion; CompactNodeTitle=<=,stable function id（owner_class + function_name）+ callable evidence + graph capability；CompactNodeTitle/ScriptOperator 只作为显示/别名证据。,CompactNodeTitle 只是 UI token；多候选时要求 stable function id 或完整 pin 类型。,yes,,Source/Runtime/Engine/Classes/Kismet/KismetMathLibrary.h:3285
datetime_not_equal,"!=, not_equal",call_function_compact,,UKismetMathLibrary,NotEqual_DateTimeDateTime,UK2Node_CallFunction,IgnoreTypePromotion; CompactNodeTitle=!=,stable function id（owner_class + function_name）+ callable evidence + graph capability；CompactNodeTitle/ScriptOperator 只作为显示/别名证据。,CompactNodeTitle 只是 UI token；多候选时要求 stable function id 或完整 pin 类型。,yes,,Source/Runtime/Engine/Classes/Kismet/KismetMathLibrary.h:3269
datetime_subtract_datetime,"-, subtract",call_function_compact,,UKismetMathLibrary,Subtract_DateTimeDateTime,UK2Node_CallFunction,IgnoreTypePromotion; CompactNodeTitle=-,stable function id（owner_class + function_name）+ callable evidence + graph capability；CompactNodeTitle/ScriptOperator 只作为显示/别名证据。,CompactNodeTitle 只是 UI token；多候选时要求 stable function id 或完整 pin 类型。,yes,,Source/Runtime/Engine/Classes/Kismet/KismetMathLibrary.h:3261
datetime_subtract_timespan,"-, subtract",call_function_compact,,UKismetMathLibrary,Subtract_DateTimeTimespan,UK2Node_CallFunction,IgnoreTypePromotion; CompactNodeTitle=-,stable function id（owner_class + function_name）+ callable evidence + graph capability；CompactNodeTitle/ScriptOperator 只作为显示/别名证据。,CompactNodeTitle 只是 UI token；多候选时要求 stable function id 或完整 pin 类型。,yes,,Source/Runtime/Engine/Classes/Kismet/KismetMathLibrary.h:3253
dot,"dot, |, dot_product",call_function_compact,,UKismetMathLibrary,DotProduct2D,UK2Node_CallFunction,ScriptOperator=|; ScriptMethod; CompactNodeTitle=dot,stable function id（owner_class + function_name）+ callable evidence + graph capability；CompactNodeTitle/ScriptOperator 只作为显示/别名证据。,CompactNodeTitle 只是 UI token；多候选时要求 stable function id 或完整 pin 类型。,yes,,Source/Runtime/Engine/Classes/Kismet/KismetMathLibrary.h:1097
dot,"dot, |, dot_product",call_function_compact,,UKismetMathLibrary,Dot_VectorVector,UK2Node_CallFunction,ScriptOperator=|; ScriptMethod; CompactNodeTitle=dot,stable function id（owner_class + function_name）+ callable evidence + graph capability；CompactNodeTitle/ScriptOperator 只作为显示/别名证据。,CompactNodeTitle 只是 UI token；多候选时要求 stable function id 或完整 pin 类型。,yes,,Source/Runtime/Engine/Classes/Kismet/KismetMathLibrary.h:1445
dot,"dot, |, dot_product",call_function_compact,,UKismetMathLibrary,Vector4_DotProduct,UK2Node_CallFunction,ScriptOperator=|; ScriptMethod; CompactNodeTitle=dot,stable function id（owner_class + function_name）+ callable evidence + graph capability；CompactNodeTitle/ScriptOperator 只作为显示/别名证据。,CompactNodeTitle 只是 UI token；多候选时要求 stable function id 或完整 pin 类型。,yes,,Source/Runtime/Engine/Classes/Kismet/KismetMathLibrary.h:2145
dot3,"dot3, dot_product_xyz",call_function_compact,,UKismetMathLibrary,Vector4_DotProduct3,UK2Node_CallFunction,ScriptMethod; CompactNodeTitle=dot3,stable function id（owner_class + function_name）+ callable evidence + graph capability；CompactNodeTitle/ScriptOperator 只作为显示/别名证据。,CompactNodeTitle 只是 UI token；多候选时要求 stable function id 或完整 pin 类型。,yes,,Source/Runtime/Engine/Classes/Kismet/KismetMathLibrary.h:2149
equal_exact,"===, equal_exact",call_function_compact,,UKismetMathLibrary,EqualExactly_Vector2DVector2D,UK2Node_CallFunction,ScriptOperator===; ScriptMethod; CompactNodeTitle====,stable function id（owner_class + function_name）+ callable evidence + graph capability；CompactNodeTitle/ScriptOperator 只作为显示/别名证据。,CompactNodeTitle 只是 UI token；多候选时要求 stable function id 或完整 pin 类型。,yes,,Source/Runtime/Engine/Classes/Kismet/KismetMathLibrary.h:1037
equal_exact,"===, equal_exact",call_function_compact,,UKismetMathLibrary,EqualExactly_Vector4Vector4,UK2Node_CallFunction,ScriptOperator===; ScriptMethod; CompactNodeTitle====,stable function id（owner_class + function_name）+ callable evidence + graph capability；CompactNodeTitle/ScriptOperator 只作为显示/别名证据。,CompactNodeTitle 只是 UI token；多候选时要求 stable function id 或完整 pin 类型。,yes,,Source/Runtime/Engine/Classes/Kismet/KismetMathLibrary.h:2102
equal_exact,"===, equal_exact",call_function_compact,,UKismetMathLibrary,EqualExactly_VectorVector,UK2Node_CallFunction,ScriptOperator===; ScriptMethod; CompactNodeTitle====,stable function id（owner_class + function_name）+ callable evidence + graph capability；CompactNodeTitle/ScriptOperator 只作为显示/别名证据。,CompactNodeTitle 只是 UI token；多候选时要求 stable function id 或完整 pin 类型。,yes,,Source/Runtime/Engine/Classes/Kismet/KismetMathLibrary.h:1429
equal_exact,"===, equal_exact",call_function_compact,,UKismetStringLibrary,EqualEqual_StrStr,UK2Node_CallFunction,CompactNodeTitle====,stable function id（owner_class + function_name）+ callable evidence + graph capability；CompactNodeTitle/ScriptOperator 只作为显示/别名证据。,CompactNodeTitle 只是 UI token；多候选时要求 stable function id 或完整 pin 类型。,yes,,Source/Runtime/Engine/Classes/Kismet/KismetStringLibrary.h:295
equal_exact,"===, equal_exact",call_function_compact,,UKismetTextLibrary,EqualEqual_TextText,UK2Node_CallFunction,CompactNodeTitle====,stable function id（owner_class + function_name）+ callable evidence + graph capability；CompactNodeTitle/ScriptOperator 只作为显示/别名证据。,CompactNodeTitle 只是 UI token；多候选时要求 stable function id 或完整 pin 类型。,yes,,Source/Runtime/Engine/Classes/Kismet/KismetTextLibrary.h:214
equal_ignore_case,"==, equal_ignore_case",call_function_compact,,UKismetStringLibrary,EqualEqual_StriStri,UK2Node_CallFunction,CompactNodeTitle===,stable function id（owner_class + function_name）+ callable evidence + graph capability；CompactNodeTitle/ScriptOperator 只作为显示/别名证据。,CompactNodeTitle 只是 UI token；多候选时要求 stable function id 或完整 pin 类型。,yes,,Source/Runtime/Engine/Classes/Kismet/KismetStringLibrary.h:304
equal_ignore_case,"==, equal_ignore_case",call_function_compact,,UKismetTextLibrary,EqualEqual_IgnoreCase_TextText,UK2Node_CallFunction,CompactNodeTitle===,stable function id（owner_class + function_name）+ callable evidence + graph capability；CompactNodeTitle/ScriptOperator 只作为显示/别名证据。,CompactNodeTitle 只是 UI token；多候选时要求 stable function id 或完整 pin 类型。,yes,,Source/Runtime/Engine/Classes/Kismet/KismetTextLibrary.h:218
intpoint_equal,"==, equal, intpoint_equal",call_function_compact,,UKismetMathLibrary,Equal_IntPointIntPoint,UK2Node_CallFunction,ScriptOperator===; ScriptMethod; CompactNodeTitle===,stable function id（owner_class + function_name）+ callable evidence + graph capability；CompactNodeTitle/ScriptOperator 只作为显示/别名证据。,CompactNodeTitle 只是 UI token；多候选时要求 stable function id 或完整 pin 类型。,yes,,Source/Runtime/Engine/Classes/Kismet/KismetMathLibrary.h:960
modulo,"%, modulo, mod",call_function_compact,,UKismetMathLibrary,Percent_ByteByte,UK2Node_CallFunction,CompactNodeTitle=%,stable function id（owner_class + function_name）+ callable evidence + graph capability；CompactNodeTitle/ScriptOperator 只作为显示/别名证据。,CompactNodeTitle 只是 UI token；多候选时要求 stable function id 或完整 pin 类型。,yes,,Source/Runtime/Engine/Classes/Kismet/KismetMathLibrary.h:266
modulo,"%, modulo, mod",call_function_compact,,UKismetMathLibrary,Percent_FloatFloat,UK2Node_CallFunction,CompactNodeTitle=%; CustomThunk,stable function id（owner_class + function_name）+ callable evidence + graph capability；CompactNodeTitle/ScriptOperator 只作为显示/别名证据。,CompactNodeTitle 只是 UI token；多候选时要求 stable function id 或完整 pin 类型。,yes,,Source/Runtime/Engine/Classes/Kismet/KismetMathLibrary.h:524
modulo,"%, modulo, mod",call_function_compact,,UKismetMathLibrary,Percent_Int64Int64,UK2Node_CallFunction,CompactNodeTitle=%,stable function id（owner_class + function_name）+ callable evidence + graph capability；CompactNodeTitle/ScriptOperator 只作为显示/别名证据。,CompactNodeTitle 只是 UI token；多候选时要求 stable function id 或完整 pin 类型。,yes,,Source/Runtime/Engine/Classes/Kismet/KismetMathLibrary.h:425
modulo,"%, modulo, mod",call_function_compact,,UKismetMathLibrary,Percent_IntInt,UK2Node_CallFunction,CompactNodeTitle=%,stable function id（owner_class + function_name）+ callable evidence + graph capability；CompactNodeTitle/ScriptOperator 只作为显示/别名证据。,CompactNodeTitle 只是 UI token；多候选时要求 stable function id 或完整 pin 类型。,yes,,Source/Runtime/Engine/Classes/Kismet/KismetMathLibrary.h:322
near_equal,"~==, near_equal, ==",call_function_compact,,UKismetMathLibrary,LinearColor_IsNearEqual,UK2Node_CallFunction,ScriptOperator===; ScriptMethod; CompactNodeTitle=~==,stable function id（owner_class + function_name）+ callable evidence + graph capability；CompactNodeTitle/ScriptOperator 只作为显示/别名证据。,CompactNodeTitle 只是 UI token；多候选时要求 stable function id 或完整 pin 类型。,yes,,Source/Runtime/Engine/Classes/Kismet/KismetMathLibrary.h:3186
negate,"neg, invert, unary_minus, -",call_function_compact,,UKismetMathLibrary,NegateRotator,UK2Node_CallFunction,ScriptOperator=neg; ScriptMethod,stable function id（owner_class + function_name）+ callable evidence + graph capability；CompactNodeTitle/ScriptOperator 只作为显示/别名证据。,CompactNodeTitle 只是 UI token；多候选时要求 stable function id 或完整 pin 类型。,yes,,Source/Runtime/Engine/Classes/Kismet/KismetMathLibrary.h:2351
negate,"neg, unary_minus, -",call_function_compact,,UKismetMathLibrary,NegateVector,UK2Node_CallFunction,ScriptOperator=neg; ScriptMethod,stable function id（owner_class + function_name）+ callable evidence + graph capability；CompactNodeTitle/ScriptOperator 只作为显示/别名证据。,CompactNodeTitle 只是 UI token；多候选时要求 stable function id 或完整 pin 类型。,yes,,Source/Runtime/Engine/Classes/Kismet/KismetMathLibrary.h:1425
negate,"neg, unary_minus, -",call_function_compact,,UKismetMathLibrary,Negated2D,UK2Node_CallFunction,ScriptOperator=neg; ScriptMethod,stable function id（owner_class + function_name）+ callable evidence + graph capability；CompactNodeTitle/ScriptOperator 只作为显示/别名证据。,CompactNodeTitle 只是 UI token；多候选时要求 stable function id 或完整 pin 类型。,yes,,Source/Runtime/Engine/Classes/Kismet/KismetMathLibrary.h:1053
negate,"neg, unary_minus, -",call_function_compact,,UKismetMathLibrary,Vector4_Negated,UK2Node_CallFunction,ScriptOperator=neg; ScriptMethod,stable function id（owner_class + function_name）+ callable evidence + graph capability；CompactNodeTitle/ScriptOperator 只作为显示/别名证据。,CompactNodeTitle 只是 UI token；多候选时要求 stable function id 或完整 pin 类型。,yes,,Source/Runtime/Engine/Classes/Kismet/KismetMathLibrary.h:2118
not_equal_exact,"!==, not_equal_exact",call_function_compact,,UKismetMathLibrary,NotEqualExactly_Vector2DVector2D,UK2Node_CallFunction,ScriptOperator=!=; ScriptMethod; CompactNodeTitle=!==,stable function id（owner_class + function_name）+ callable evidence + graph capability；CompactNodeTitle/ScriptOperator 只作为显示/别名证据。,CompactNodeTitle 只是 UI token；多候选时要求 stable function id 或完整 pin 类型。,yes,,Source/Runtime/Engine/Classes/Kismet/KismetMathLibrary.h:1045
not_equal_exact,"!==, not_equal_exact",call_function_compact,,UKismetMathLibrary,NotEqualExactly_Vector4Vector4,UK2Node_CallFunction,ScriptOperator=!=; ScriptMethod; CompactNodeTitle=!==,stable function id（owner_class + function_name）+ callable evidence + graph capability；CompactNodeTitle/ScriptOperator 只作为显示/别名证据。,CompactNodeTitle 只是 UI token；多候选时要求 stable function id 或完整 pin 类型。,yes,,Source/Runtime/Engine/Classes/Kismet/KismetMathLibrary.h:2110
not_equal_exact,"!==, not_equal_exact",call_function_compact,,UKismetMathLibrary,NotEqualExactly_VectorVector,UK2Node_CallFunction,ScriptOperator=!=; ScriptMethod; CompactNodeTitle=!==,stable function id（owner_class + function_name）+ callable evidence + graph capability；CompactNodeTitle/ScriptOperator 只作为显示/别名证据。,CompactNodeTitle 只是 UI token；多候选时要求 stable function id 或完整 pin 类型。,yes,,Source/Runtime/Engine/Classes/Kismet/KismetMathLibrary.h:1437
not_equal_exact,"!==, not_equal_exact",call_function_compact,,UKismetStringLibrary,NotEqual_StrStr,UK2Node_CallFunction,CompactNodeTitle=!==,stable function id（owner_class + function_name）+ callable evidence + graph capability；CompactNodeTitle/ScriptOperator 只作为显示/别名证据。,CompactNodeTitle 只是 UI token；多候选时要求 stable function id 或完整 pin 类型。,yes,,Source/Runtime/Engine/Classes/Kismet/KismetStringLibrary.h:313
not_equal_exact,"!==, not_equal_exact",call_function_compact,,UKismetTextLibrary,NotEqual_TextText,UK2Node_CallFunction,CompactNodeTitle=!==,stable function id（owner_class + function_name）+ callable evidence + graph capability；CompactNodeTitle/ScriptOperator 只作为显示/别名证据。,CompactNodeTitle 只是 UI token；多候选时要求 stable function id 或完整 pin 类型。,yes,,Source/Runtime/Engine/Classes/Kismet/KismetTextLibrary.h:222
not_equal_ignore_case,"!=, not_equal_ignore_case",call_function_compact,,UKismetStringLibrary,NotEqual_StriStri,UK2Node_CallFunction,CompactNodeTitle=!=,stable function id（owner_class + function_name）+ callable evidence + graph capability；CompactNodeTitle/ScriptOperator 只作为显示/别名证据。,CompactNodeTitle 只是 UI token；多候选时要求 stable function id 或完整 pin 类型。,yes,,Source/Runtime/Engine/Classes/Kismet/KismetStringLibrary.h:321
not_equal_ignore_case,"!=, not_equal_ignore_case",call_function_compact,,UKismetTextLibrary,NotEqual_IgnoreCase_TextText,UK2Node_CallFunction,CompactNodeTitle=!=,stable function id（owner_class + function_name）+ callable evidence + graph capability；CompactNodeTitle/ScriptOperator 只作为显示/别名证据。,CompactNodeTitle 只是 UI token；多候选时要求 stable function id 或完整 pin 类型。,yes,,Source/Runtime/Engine/Classes/Kismet/KismetTextLibrary.h:226
transform_compose,"*, compose, multiply",call_function_compact,,UKismetMathLibrary,ComposeTransforms,UK2Node_CallFunction,ScriptOperator=*;*=; ScriptMethod; CompactNodeTitle=*,stable function id（owner_class + function_name）+ callable evidence + graph capability；CompactNodeTitle/ScriptOperator 只作为显示/别名证据。,CompactNodeTitle 只是 UI token；多候选时要求 stable function id 或完整 pin 类型。,yes,,Source/Runtime/Engine/Classes/Kismet/KismetMathLibrary.h:3960
array_identical,"==, identical, array_equal",special_k2_node,,UKismetArrayLibrary,Array_Identical,UK2Node_CallArrayFunction,CompactNodeTitle===; CustomThunk; ArrayParm,node_class + action/spawner evidence + typed pins；enum/array 等专用节点不得伪装为 TypePromotion。,必须匹配专用节点适用 pin 类型；如 enum equality 只用于 enum，array identity 只用于 array。,yes,,Source/Runtime/Engine/Classes/Kismet/KismetArrayLibrary.h:73
enum_equal,"==, enum_equal, equal",special_k2_node,,UK2Node_EnumEquality,Enum equality node; expands to UKismetMathLibrary::EqualEqual_ByteByte,UK2Node_EnumEquality,UCLASS Keywords===; compact title ==; GetMenuActions node spawner; compile expansion to EqualEqual_ByteByte,node_class + action/spawner evidence + typed pins；enum/array 等专用节点不得伪装为 TypePromotion。,必须匹配专用节点适用 pin 类型；如 enum equality 只用于 enum，array identity 只用于 array。,no,排除：依赖 Editor GetMenuActions/专用菜单节点语境；当前 TaskSpec/statement 独立上下文不模拟右键 Action Menu。,Source/Editor/BlueprintGraph/Classes/K2Node_EnumEquality.h:26; Source/Editor/BlueprintGraph/Private/K2Node_EnumEquality.cpp:180; Source/Editor/BlueprintGraph/Private/K2Node_EnumEquality.cpp:220
enum_not_equal,"!=, enum_not_equal, not_equal",special_k2_node,,UK2Node_EnumInequality,Enum inequality node; expands to UKismetMathLibrary::NotEqual_ByteByte,UK2Node_EnumInequality,UCLASS Keywords=!=; compact title !=; inherits EnumEquality action registration; compile expansion to NotEqual_ByteByte,node_class + action/spawner evidence + typed pins；enum/array 等专用节点不得伪装为 TypePromotion。,必须匹配专用节点适用 pin 类型；如 enum equality 只用于 enum，array identity 只用于 array。,no,排除：依赖 Editor GetMenuActions/专用菜单节点语境；当前 TaskSpec/statement 独立上下文不模拟右键 Action Menu。,Source/Editor/BlueprintGraph/Classes/K2Node_EnumInequality.h:19; Source/Editor/BlueprintGraph/Classes/K2Node_EnumInequality.h:30; Source/Editor/BlueprintGraph/Private/K2Node_EnumInequality.cpp:32
