operation_id,variant_name,asset_path,graph_name,node_candidate,variant_mode,requested_variant_count,available_spawn_count,actual_spawn_count,required_variant_count,setup_status,preview_status,execute_status,readback_status,failure_kind,expected_readback
"container.map.add","GWGen_container_map_add_00","/Game/BlueprintHelper/Generality/BP_GraphWriteGenerality_GWRelabel003_container_map_add","EG_GraphWriteGenerality_container_map_add","container.map.add","limited_real_nodes","10","1","1","1","pass","pass","pass","pass","none","EG_GraphWriteGenerality_container_map_add"
"container.map.clear","GWGen_container_map_clear_00","/Game/BlueprintHelper/Generality/BP_GraphWriteGenerality_GWRelabel003_container_map_clear","EG_GraphWriteGenerality_container_map_clear","container.map.clear","limited_real_nodes","10","1","1","1","pass","pass","pass","pass","none","EG_GraphWriteGenerality_container_map_clear"
"container.map.contains","GWGen_container_map_contains_00","/Game/BlueprintHelper/Generality/BP_GraphWriteGenerality_GWRelabel003_container_map_contains","EG_GraphWriteGenerality_container_map_contains","container.map.contains","limited_real_nodes","10","1","1","1","pass","pass","pass","pass","none","EG_GraphWriteGenerality_container_map_contains"
"container.map.find","GWGen_container_map_find_00","/Game/BlueprintHelper/Generality/BP_GraphWriteGenerality_GWRelabel003_container_map_find","EG_GraphWriteGenerality_container_map_find","container.map.find","limited_real_nodes","10","1","1","1","pass","pass","pass","pass","none","EG_GraphWriteGenerality_container_map_find"
"container.map.get_key_value_by_index","GWGen_container_map_get_key_value_by_index_00","/Game/BlueprintHelper/Generality/BP_GraphWriteGenerality_GWRelabel003_container_map_get_key_value_by_index","EG_GraphWriteGenerality_container_map_get_key_value_by_index","container.map.get_key_value_by_index","limited_real_nodes","10","1","1","1","pass","pass","pass","pass","none","EG_GraphWriteGenerality_container_map_get_key_value_by_index"
"container.map.get_last_index","GWGen_container_map_get_last_index_00","/Game/BlueprintHelper/Generality/BP_GraphWriteGenerality_GWRelabel003_container_map_get_last_index","EG_GraphWriteGenerality_container_map_get_last_index","container.map.get_last_index","limited_real_nodes","10","1","1","1","pass","pass","pass","pass","none","EG_GraphWriteGenerality_container_map_get_last_index"
"container.map.is_empty","GWGen_container_map_is_empty_00","/Game/BlueprintHelper/Generality/BP_GraphWriteGenerality_GWRelabel003_container_map_is_empty","EG_GraphWriteGenerality_container_map_is_empty","container.map.is_empty","limited_real_nodes","10","1","1","1","pass","pass","pass","pass","none","EG_GraphWriteGenerality_container_map_is_empty"
"container.map.is_not_empty","GWGen_container_map_is_not_empty_00","/Game/BlueprintHelper/Generality/BP_GraphWriteGenerality_GWRelabel003_container_map_is_not_empty","EG_GraphWriteGenerality_container_map_is_not_empty","container.map.is_not_empty","limited_real_nodes","10","1","1","1","pass","pass","pass","pass","none","EG_GraphWriteGenerality_container_map_is_not_empty"
"container.map.keys","GWGen_container_map_keys_00","/Game/BlueprintHelper/Generality/BP_GraphWriteGenerality_GWRelabel003_container_map_keys","EG_GraphWriteGenerality_container_map_keys","container.map.keys","limited_real_nodes","10","1","1","1","pass","pass","pass","pass","none","EG_GraphWriteGenerality_container_map_keys"
"container.map.length","GWGen_container_map_length_00","/Game/BlueprintHelper/Generality/BP_GraphWriteGenerality_GWRelabel003_container_map_length","EG_GraphWriteGenerality_container_map_length","container.map.length","limited_real_nodes","10","1","1","1","pass","pass","pass","pass","none","EG_GraphWriteGenerality_container_map_length"
"container.map.remove","GWGen_container_map_remove_00","/Game/BlueprintHelper/Generality/BP_GraphWriteGenerality_GWRelabel003_container_map_remove","EG_GraphWriteGenerality_container_map_remove","container.map.remove","limited_real_nodes","10","1","1","1","pass","pass","pass","pass","none","EG_GraphWriteGenerality_container_map_remove"
"container.map.values","GWGen_container_map_values_00","/Game/BlueprintHelper/Generality/BP_GraphWriteGenerality_GWRelabel003_container_map_values","EG_GraphWriteGenerality_container_map_values","container.map.values","limited_real_nodes","10","1","1","1","pass","pass","pass","pass","none","EG_GraphWriteGenerality_container_map_values"
"function_action.macro_like","GWGen_function_action_macro_like_00","/Game/BlueprintHelper/Generality/BP_GraphWriteGenerality_GWRelabel003_function_action_macro_like","EG_GraphWriteGenerality_function_action_macro_like","sequence","parameterized_10","10","10","10","10","pass","pass","pass","pass","none","EG_GraphWriteGenerality_function_action_macro_like"
"function_action.macro_like","GWGen_function_action_macro_like_01","/Game/BlueprintHelper/Generality/BP_GraphWriteGenerality_GWRelabel003_function_action_macro_like","EG_GraphWriteGenerality_function_action_macro_like","branch","parameterized_10","10","10","10","10","pass","pass","pass","pass","none","EG_GraphWriteGenerality_function_action_macro_like"
"function_action.macro_like","GWGen_function_action_macro_like_02","/Game/BlueprintHelper/Generality/BP_GraphWriteGenerality_GWRelabel003_function_action_macro_like","EG_GraphWriteGenerality_function_action_macro_like","do_once","parameterized_10","10","10","10","10","pass","pass","pass","pass","none","EG_GraphWriteGenerality_function_action_macro_like"
"function_action.macro_like","GWGen_function_action_macro_like_03","/Game/BlueprintHelper/Generality/BP_GraphWriteGenerality_GWRelabel003_function_action_macro_like","EG_GraphWriteGenerality_function_action_macro_like","do_n","parameterized_10","10","10","10","10","pass","pass","pass","pass","none","EG_GraphWriteGenerality_function_action_macro_like"
"function_action.macro_like","GWGen_function_action_macro_like_04","/Game/BlueprintHelper/Generality/BP_GraphWriteGenerality_GWRelabel003_function_action_macro_like","EG_GraphWriteGenerality_function_action_macro_like","gate","parameterized_10","10","10","10","10","pass","pass","pass","pass","none","EG_GraphWriteGenerality_function_action_macro_like"
"function_action.macro_like","GWGen_function_action_macro_like_05","/Game/BlueprintHelper/Generality/BP_GraphWriteGenerality_GWRelabel003_function_action_macro_like","EG_GraphWriteGenerality_function_action_macro_like","flip_flop","parameterized_10","10","10","10","10","pass","pass","pass","pass","none","EG_GraphWriteGenerality_function_action_macro_like"
"function_action.macro_like","GWGen_function_action_macro_like_06","/Game/BlueprintHelper/Generality/BP_GraphWriteGenerality_GWRelabel003_function_action_macro_like","EG_GraphWriteGenerality_function_action_macro_like","for_loop","parameterized_10","10","10","10","10","pass","pass","pass","pass","none","EG_GraphWriteGenerality_function_action_macro_like"
"function_action.macro_like","GWGen_function_action_macro_like_07","/Game/BlueprintHelper/Generality/BP_GraphWriteGenerality_GWRelabel003_function_action_macro_like","EG_GraphWriteGenerality_function_action_macro_like","for_loop_with_break","parameterized_10","10","10","10","10","pass","pass","pass","pass","none","EG_GraphWriteGenerality_function_action_macro_like"
"function_action.macro_like","GWGen_function_action_macro_like_08","/Game/BlueprintHelper/Generality/BP_GraphWriteGenerality_GWRelabel003_function_action_macro_like","EG_GraphWriteGenerality_function_action_macro_like","while_loop","parameterized_10","10","10","10","10","pass","pass","pass","pass","none","EG_GraphWriteGenerality_function_action_macro_like"
"function_action.macro_like","GWGen_function_action_macro_like_09","/Game/BlueprintHelper/Generality/BP_GraphWriteGenerality_GWRelabel003_function_action_macro_like","EG_GraphWriteGenerality_function_action_macro_like","multi_gate","parameterized_10","10","10","10","10","pass","pass","pass","pass","none","EG_GraphWriteGenerality_function_action_macro_like"
"generic_ops.control.branch","GWGen_generic_ops_control_branch_00","/Game/BlueprintHelper/Generality/BP_GraphWriteGenerality_GWRelabel003_generic_ops_control_branch","EG_GraphWriteGenerality_generic_ops_control_branch","generic_ops.control.branch","singleton_1","1","1","1","1","pass","pass","pass","pass","none","EG_GraphWriteGenerality_generic_ops_control_branch"
"generic_ops.control.do_n","GWGen_generic_ops_control_do_n_00","/Game/BlueprintHelper/Generality/BP_GraphWriteGenerality_GWRelabel003_generic_ops_control_do_n","EG_GraphWriteGenerality_generic_ops_control_do_n","generic_ops.control.do_n","limited_real_nodes","10","1","1","1","pass","pass","pass","pass","none","EG_GraphWriteGenerality_generic_ops_control_do_n"
"generic_ops.control.do_once","GWGen_generic_ops_control_do_once_00","/Game/BlueprintHelper/Generality/BP_GraphWriteGenerality_GWRelabel003_generic_ops_control_do_once","EG_GraphWriteGenerality_generic_ops_control_do_once","generic_ops.control.do_once","limited_real_nodes","10","1","1","1","pass","pass","pass","pass","none","EG_GraphWriteGenerality_generic_ops_control_do_once"
"generic_ops.control.flip_flop","GWGen_generic_ops_control_flip_flop_00","/Game/BlueprintHelper/Generality/BP_GraphWriteGenerality_GWRelabel003_generic_ops_control_flip_flop","EG_GraphWriteGenerality_generic_ops_control_flip_flop","generic_ops.control.flip_flop","limited_real_nodes","10","1","1","1","pass","pass","pass","pass","none","EG_GraphWriteGenerality_generic_ops_control_flip_flop"
"generic_ops.control.foreach_loop","GWGen_generic_ops_control_foreach_loop_00","/Game/BlueprintHelper/Generality/BP_GraphWriteGenerality_GWRelabel003_generic_ops_control_foreach_loop","EG_GraphWriteGenerality_generic_ops_control_foreach_loop","generic_ops.control.foreach_loop","limited_real_nodes","10","1","1","1","pass","pass","pass","pass","none","EG_GraphWriteGenerality_generic_ops_control_foreach_loop"
"generic_ops.control.foreach_loop_with_break","GWGen_generic_ops_control_foreach_loop_with_break_00","/Game/BlueprintHelper/Generality/BP_GraphWriteGenerality_GWRelabel003_generic_ops_control_foreach_loop_with_break","EG_GraphWriteGenerality_generic_ops_control_foreach_loop_with_break","generic_ops.control.foreach_loop_with_break","limited_real_nodes","10","1","1","1","pass","pass","pass","pass","none","EG_GraphWriteGenerality_generic_ops_control_foreach_loop_with_break"
"generic_ops.control.for_loop","GWGen_generic_ops_control_for_loop_00","/Game/BlueprintHelper/Generality/BP_GraphWriteGenerality_GWRelabel003_generic_ops_control_for_loop","EG_GraphWriteGenerality_generic_ops_control_for_loop","generic_ops.control.for_loop","limited_real_nodes","10","1","1","1","pass","pass","pass","pass","none","EG_GraphWriteGenerality_generic_ops_control_for_loop"
"generic_ops.control.for_loop_with_break","GWGen_generic_ops_control_for_loop_with_break_00","/Game/BlueprintHelper/Generality/BP_GraphWriteGenerality_GWRelabel003_generic_ops_control_for_loop_with_break","EG_GraphWriteGenerality_generic_ops_control_for_loop_with_break","generic_ops.control.for_loop_with_break","limited_real_nodes","10","1","1","1","pass","pass","pass","pass","none","EG_GraphWriteGenerality_generic_ops_control_for_loop_with_break"
"generic_ops.control.gate","GWGen_generic_ops_control_gate_00","/Game/BlueprintHelper/Generality/BP_GraphWriteGenerality_GWRelabel003_generic_ops_control_gate","EG_GraphWriteGenerality_generic_ops_control_gate","generic_ops.control.gate","limited_real_nodes","10","1","1","1","pass","pass","pass","pass","none","EG_GraphWriteGenerality_generic_ops_control_gate"
"generic_ops.control.multi_gate","GWGen_generic_ops_control_multi_gate_00","/Game/BlueprintHelper/Generality/BP_GraphWriteGenerality_GWRelabel003_generic_ops_control_multi_gate","EG_GraphWriteGenerality_generic_ops_control_multi_gate","generic_ops.control.multi_gate","limited_real_nodes","10","1","1","1","pass","pass","pass","pass","none","EG_GraphWriteGenerality_generic_ops_control_multi_gate"
"generic_ops.control.return","GWGen_generic_ops_control_return_00","/Game/BlueprintHelper/Generality/BP_GraphWriteGenerality_GWRelabel003_generic_ops_control_return","EG_GraphWriteGenerality_generic_ops_control_return","generic_ops.control.return","singleton_1","1","1","1","1","pass","pass","pass","pass","none","EG_GraphWriteGenerality_generic_ops_control_return"
"generic_ops.control.sequence","GWGen_generic_ops_control_sequence_00","/Game/BlueprintHelper/Generality/BP_GraphWriteGenerality_GWRelabel003_generic_ops_control_sequence","EG_GraphWriteGenerality_generic_ops_control_sequence","generic_ops.control.sequence","singleton_1","1","1","1","1","pass","pass","pass","pass","none","EG_GraphWriteGenerality_generic_ops_control_sequence"
"generic_ops.control.switch_enum","GWGen_generic_ops_control_switch_enum_00","/Game/BlueprintHelper/Generality/BP_GraphWriteGenerality_GWRelabel003_generic_ops_control_switch_enum","EG_GraphWriteGenerality_generic_ops_control_switch_enum","generic_ops.control.switch_enum","limited_real_nodes","10","1","1","1","pass","pass","pass","pass","none","EG_GraphWriteGenerality_generic_ops_control_switch_enum"
"generic_ops.control.switch_int","GWGen_generic_ops_control_switch_int_00","/Game/BlueprintHelper/Generality/BP_GraphWriteGenerality_GWRelabel003_generic_ops_control_switch_int","EG_GraphWriteGenerality_generic_ops_control_switch_int","generic_ops.control.switch_int","limited_real_nodes","10","1","1","1","pass","pass","pass","pass","none","EG_GraphWriteGenerality_generic_ops_control_switch_int"
"generic_ops.control.switch_name","GWGen_generic_ops_control_switch_name_00","/Game/BlueprintHelper/Generality/BP_GraphWriteGenerality_GWRelabel003_generic_ops_control_switch_name","EG_GraphWriteGenerality_generic_ops_control_switch_name","generic_ops.control.switch_name","limited_real_nodes","10","1","1","1","pass","pass","pass","pass","none","EG_GraphWriteGenerality_generic_ops_control_switch_name"
"generic_ops.control.switch_string","GWGen_generic_ops_control_switch_string_00","/Game/BlueprintHelper/Generality/BP_GraphWriteGenerality_GWRelabel003_generic_ops_control_switch_string","EG_GraphWriteGenerality_generic_ops_control_switch_string","generic_ops.control.switch_string","limited_real_nodes","10","1","1","1","pass","pass","pass","pass","none","EG_GraphWriteGenerality_generic_ops_control_switch_string"
"generic_ops.control.while_loop","GWGen_generic_ops_control_while_loop_00","/Game/BlueprintHelper/Generality/BP_GraphWriteGenerality_GWRelabel003_generic_ops_control_while_loop","EG_GraphWriteGenerality_generic_ops_control_while_loop","generic_ops.control.while_loop","limited_real_nodes","10","1","1","1","pass","pass","pass","pass","none","EG_GraphWriteGenerality_generic_ops_control_while_loop"
"generic_ops.struct_select.select","GWGen_generic_ops_struct_select_select_00","/Game/BlueprintHelper/Generality/BP_GraphWriteGenerality_GWRelabel003_generic_ops_struct_select_select","EG_GraphWriteGenerality_generic_ops_struct_select_select","generic_ops.struct_select.select","limited_real_nodes","10","1","1","1","pass","pass","pass","pass","none","EG_GraphWriteGenerality_generic_ops_struct_select_select"
"schedule.latent_or_async_node","GWGen_schedule_latent_or_async_node_00","/Game/BlueprintHelper/Generality/BP_GraphWriteGenerality_GWRelabel003_schedule_latent_or_async_node","EG_GraphWriteGenerality_schedule_latent_or_async_node","schedule.latent_or_async_node","limited_real_nodes","10","1","0","1","pass","fail","skipped","skipped","missing_evidence","EG_GraphWriteGenerality_schedule_latent_or_async_node"
"schedule.timer_delegate_node","GWGen_schedule_timer_delegate_node_00","/Game/BlueprintHelper/Generality/BP_GraphWriteGenerality_GWRelabel003_schedule_timer_delegate_node","EG_GraphWriteGenerality_schedule_timer_delegate_node","schedule.timer_delegate_node","limited_real_nodes","10","1","0","1","pass","fail","skipped","skipped","missing_evidence","EG_GraphWriteGenerality_schedule_timer_delegate_node"
